Aston Juxta Mondrum,53.1087622,-2.5225204
Beeston,53.1232885,-2.6862178
Bell o' th' Hill,53.0046385,-2.7114368
Bickley Moss,53.0362451,-2.6837264
Bickley Town,53.0329001,-2.6999583
Bickleywood,53.0262957,-2.7154726
Blackden Heath,53.2370654,-2.3284802
Blakelow,53.0612852,-2.4769264
Bradwall Green,53.1677563,-2.3625553
Bridgemere,53.0060742,-2.4252871
Burleydam,52.9796303,-2.5892943
Butley Town,53.2961011,-2.1338757
Butt Green,53.0581981,-2.4969956
Byley,53.2203348,-2.4192898
Checkley,53.0126233,-2.3992029
Checkley Green,53.0074496,-2.4019958
Chorley,53.055143,-2.6381555
Coxbank,52.9724754,-2.5124518
Danebridge,53.1828325,-2.053408
Darnhall,53.1643211,-2.5480374
Gauntons Bank,53.0234296,-2.6490214
Hack Green,53.031884,-2.5294724
Hassall Moss,53.1201617,-2.3535077
Hatherton,53.0219714,-2.4744839
Haughton,53.1030117,-2.6323933
Hawkslee,53.1842955,-2.0921105
Haymoor Green,53.0529949,-2.4727669
Hetherson Green,53.0450299,-2.7036242
Higher Burwardsley,53.1038207,-2.7134172
Higher Poynton,53.349839,-2.0854504
Hollinsgreen,53.1694156,-2.393862
Horse Green,53.0170439,-2.6654649
Hunsterson,53.0120576,-2.4505446
Kerridge,53.2895424,-2.0982757
Kinsey Heath,52.9795142,-2.4925861
Lightwood Green,52.982524,-2.5475295
Lindow End,53.3039899,-2.2777508
Lyme Green Park,53.2323183,-2.126406
Malkins Bank,53.1293376,-2.3536724
Marley Green,53.0085641,-2.6261027
Marton,53.2117253,-2.2254921
Middlewood,53.3567622,-2.0838151
Morley Green,53.3345653,-2.2666211
Norbury,53.0209923,-2.6601486
Norbury Common,53.0303204,-2.6727031
Oak Tree Farm,53.1629502,-2.6025647
Peckforton,53.1034045,-2.690442
Peover Heath,53.257879,-2.3120236
Pott Shrigley,53.3093362,-2.0833989
Puddinglake,53.2230179,-2.4160941
Rainow,53.2832475,-2.075815
Rainowlow,53.2915803,-2.0704458
Ridley,53.0883525,-2.6651269
Smith's Green,53.0740958,-2.3609997
Sproston Green,53.1997478,-2.4022302
Spurstow,53.1082973,-2.6612329
Swanbach,52.9772691,-2.5144251
Swanwick Green,53.0268985,-2.6738092
Sworton Heath,53.3534859,-2.4693585
Tabley,53.3100554,-2.4211208
Tilstone Fearnall,53.13866,-2.6454965
Tiverton,53.1393479,-2.6716283
Turf Lea,53.3716905,-2.0514423
Walgherton,53.0371219,-2.4519791
Walker Barn,53.2610215,-2.0675004
Walleys Green,53.1488549,-2.4760465
Wardle,53.1100761,-2.5831041
Whirley Grove,53.2710715,-2.1732171
Whiteley Green,53.3049436,-2.1210244
Wildboarclough,53.2161783,-2.0257221
Willey Moor,53.0111019,-2.6957728
Wimboldsley,53.166713,-2.4636807
Wood Lanes,53.3320551,-2.0974231
Woodend,53.3709515,-2.0426805
Woodend,53.3514649,-2.2329036
Woodford,53.3396158,-2.1709772
Wrenbury Heath,53.0304957,-2.5878926
Appletree Fields,53.0397903,-2.5766165
Baddiley Lodge,53.0534466,-2.5918561
Bickley Town Bridge,53.0290544,-2.7019465
Bosley Minn,53.1952856,-2.0924558
Bradfield Green,53.1262252,-2.4779109
Bret's Moss,53.0438666,-2.6893876
Bunbury Staircase Locks,53.126826,-2.6321282
Burland Lower Green,53.0760123,-2.5948217
Burland Upper Green,53.0771182,-2.5877289
Casey Bridge,53.0641221,-2.4182382
Crowholt,53.2082902,-2.1383588
Dingers Hollow Farm,53.2358384,-2.027356
Faddileybank,53.0722431,-2.6169514
Fox Corner,53.0960019,-2.3952998
Gradeley Green,53.066287,-2.5963914
Handley Park,53.0163452,-2.6739216
Hollin Green,53.0681144,-2.6035632
Jepsonclough Farm,53.3247385,-2.1002673
Larden Green,53.0606722,-2.6147985
Marshfield Bank,53.0951601,-2.4913015
Moston,53.158394,-2.4412702
Norbury Meres,53.0391151,-2.659284
Oakhanger Moss,53.0927968,-2.3493394
Porter's Hill,53.0278015,-2.6183937
Prince Hill,53.0000707,-2.4173174
Sutton Common,53.2067781,-2.0996881
The Holtridge,53.0321508,-2.6538967
Three Brooks,52.9855216,-2.4361476
Weston Gate,53.0637079,-2.3950186
Weston Heath,53.0677616,-2.4093295
Weston Mere,53.0669721,-2.4070548
Westoncommon,53.0708929,-2.4089069
White Moss,53.0907989,-2.3380921
Whitehall Bridge,53.3134997,-2.2362705
Wincle Minn,53.1951788,-2.0861975
Woodcott,53.0319222,-2.5853893
Yew Tree Farm,53.1963504,-2.1660671
Agden,53.3772617,-2.429804
Astle,53.2621944,-2.2541028
Birtles,53.2803543,-2.1898555
Bollinbrook,53.2696522,-2.1416291
Bollington Cross,53.2905246,-2.1167403
Broken Cross,53.2593961,-2.1612488
Buglawton,53.1735669,-2.1923783
Colshaw Farm,53.3383656,-2.2150086
Coppenhall,53.1112745,-2.4490621
Deansgreen,53.3655256,-2.4613378
Elworth,53.1493797,-2.3884897
Ettiley Heath,53.1423785,-2.3950128
Fulshaw Park,53.3167943,-2.2405419
Glebe Green,53.1782033,-2.5345904
Greenside,53.263523,-2.1661389
Handforth,53.3501757,-2.2158251
Higher Hurdsfield,53.269168,-2.1002745
Hurdsfield,53.2650766,-2.109419
Ivy Farm,53.247828,-2.1506822
Ivy Meade,53.2542662,-2.1491713
Little Bollington,53.3715338,-2.4033776
Lyme Green,53.2350589,-2.1245874
Monks Heath,53.2641695,-2.2346925
Moss Rose,53.2433533,-2.1302866
Newton,53.3251605,-2.1806215
Pownall Park,53.3331263,-2.2488503
Sandbach Heath,53.1436141,-2.3444586
Tytherington,53.2773293,-2.1290786
Upton Priory,53.2679205,-2.154463
Weston,53.2566605,-2.1568834
Wharton,53.197062,-2.5076471
Wilmslow Park,53.3294414,-2.2168947
Alsager,53.0960614,-2.3046307
Bollington,53.29348,-2.1107855
Congleton,53.1631463,-2.2110691
Crewe,53.0996153,-2.4414627
Knutsford,53.3078742,-2.3720507
Macclesfield,53.2606635,-2.1255158
Nantwich,53.0671376,-2.5221184
Poynton,53.3492505,-2.1174396
Rode Heath,53.1132969,-2.2853263
Sandbach,53.1443415,-2.363153
Scholar Green,53.1115716,-2.254173
Wilmslow,53.3261292,-2.2327511
Acton,53.0741801,-2.5502172
Adlington,53.3195057,-2.1309128
Alderley Edge,53.3058355,-2.2375778
Allgreave,53.2004031,-2.0424804
Allostock,53.2371923,-2.3835955
Alpraham,53.1309365,-2.6188105
Ashley,53.3547211,-2.3394158
Aston,53.0183848,-2.5814664
Audlem,52.9887191,-2.5083459
Barbridge,53.105182,-2.5753294
Basford,53.0654752,-2.4295409
Bosley,53.1917041,-2.1254803
Brindley,53.0758222,-2.6092918
Buerton,52.9879075,-2.4707627
Bulkeley,53.0860367,-2.7006679
Bunbury,53.116125,-2.6514911
Burland,53.0778831,-2.5756318
Burwardsley,53.105438,-2.7264642
Calveley,53.1253039,-2.6127369
Chelford,53.2723068,-2.2854206
Cholmondeston,53.1353118,-2.555817
Chorley,53.3084928,-2.261966
Church Lawton,53.0978135,-2.2772174
Church Minshull,53.1411671,-2.4995286
Clive,53.1899781,-2.4826687
Cranage,53.2140297,-2.3732624
Crewe Green,53.0945552,-2.409778
Dean Row,53.3298245,-2.2012949
Disley,53.35826,-2.0359287
Eaton,53.1659609,-2.6389284
Eaton,53.1874417,-2.1961122
Faddiley,53.0735943,-2.6111718
Gawsworth,53.2311829,-2.167964
Goostrey,53.2283201,-2.3372934
Hankelow,53.0045808,-2.4930222
Harthill,53.0922016,-2.7459369
Haslington,53.1010426,-2.3991367
Henbury,53.2603572,-2.17955
High Legh,53.3526392,-2.445659
Holmes Chapel,53.2001248,-2.3590653
Hough,53.0570255,-2.4280654
Kettleshulme,53.3140752,-2.0185948
Langley,53.2410522,-2.0906743
Marbury,53.0068826,-2.6553661
Marthall,53.2782633,-2.3024457
Mere,53.3301566,-2.4093404
Mobberley,53.3144291,-2.3304941
Mottram St Andrew,53.3034198,-2.190637
Nether Alderley,53.2848371,-2.238392
Oakgrove,53.2216725,-2.1253159
Oakhanger,53.0863004,-2.3543018
Ollerton,53.2869794,-2.3349966
Over Alderley,53.2874211,-2.1985256
Over Peover,53.2619055,-2.3235776
Over Tabley,53.3165059,-2.4154494
Prestbury,53.2893543,-2.1516493
Ravensmoor,53.05181,-2.5671843
Rostherne,53.3475818,-2.3866834
Shavington,53.0635213,-2.4480785
Siddington,53.2363785,-2.2396033
Snelson,53.2671987,-2.3010117
Sound,53.0294636,-2.5645353
Stapeley,53.0440688,-2.4831857
Styal,53.3488582,-2.2451855
Sutton Lane Ends,53.237109,-2.109041
Swettenham,53.2014095,-2.2989067
Thurlwood,53.1174413,-2.2937795
Timbersbrook,53.1612287,-2.157945
Weston,53.0667169,-2.4040487
Wettenhall,53.1474772,-2.5651652
Wheelock,53.1298398,-2.3745827
Wheelock Heath,53.1162359,-2.3771066
Willaston,53.0688603,-2.4788456
Wincle,53.1865914,-2.0624972
Winterley,53.1114552,-2.3796174
Wistaston,53.0800255,-2.4770537
Woodford Garden Village,53.3412412,-2.1587995
Worleston,53.1046372,-2.5118939
Wrenbury,53.0236436,-2.6035605
Wybunbury,53.0450848,-2.4500899
