Truro,50.2627515,-5.0520467
Albaston,50.5116431,-4.2253138
Allet,50.2962903,-5.0990952
Amalebrea,50.1747814,-5.5102915
Amalveor,50.1836813,-5.5271193
Ambrosehill,50.4178159,-4.4759628
Antony Passage,50.3943366,-4.2330419
Ashton,50.4929093,-4.2784808
Babbington,50.4357228,-4.5932084
Badger's Cross,50.1460585,-5.520565
Baldhu,50.2438503,-5.1233831
Balwest,50.1210803,-5.3656238
Bangors,50.7684393,-4.5411722
Barcelona,50.3547004,-4.5028673
Bareppa,50.1259599,-5.1055822
Bathpool,50.5479379,-4.4218716
Bay of Biscay,50.1535351,-5.5639087
Beeny,50.7014362,-4.6714527
Belowda,50.4209613,-4.8647104
Bennacott,50.7037574,-4.4122965
Benuick,50.5242461,-4.928997
Berepper,50.0605862,-5.2739589
Berriow Bridge,50.5544945,-4.4386064
Bicton,50.4987847,-4.3783933
Blunts,50.4432158,-4.3337829
Bodgara Mill,50.4551836,-4.4403314
Bodiniel,50.4788719,-4.7386533
Bodinnick,50.3405333,-4.6300267
Bodrifty,50.1616375,-5.5757886
Bodrigan,50.5287091,-4.7125479
Bofarnel,50.438838,-4.6658392
Bohetherick,50.4849861,-4.230292
Bokiddick,50.4268514,-4.7450229
Bolankan,50.0925608,-5.6502325
Bolenowe,50.195688,-5.2620632
Bollowall,50.1235787,-5.6955686
Bolventor,50.5621717,-4.5653774
Bone,50.1360592,-5.5499274
Boscean,50.1312833,-5.6909247
Boscolla,50.2735169,-5.0790941
Bosfranken,50.0692765,-5.6554607
Boskednan,50.1565766,-5.5838876
Boskenwyn,50.1071481,-5.2293633
Bosoljack,50.1396802,-5.5658438
Bossiney,50.6672371,-4.7399913
Bosulval,50.1576502,-5.5499596
Bosvenning,50.1254517,-5.6056658
Boswarthan,50.1432194,-5.5818721
Boswarva,50.137713,-5.5939543
Boswedden,50.1281801,-5.6960714
Boswinger,50.2359207,-4.8182443
Botallack,50.1374888,-5.6841342
Bottoms,50.0607366,-5.6550315
Bowithick,50.6166623,-4.5718608
Bradborough,50.7526817,-4.4593781
Braddock,50.4303789,-4.5886164
Bradford,50.5466257,-4.6552254
Brane,50.0989168,-5.6322025
Bray Shop,50.5457549,-4.3583939
Brazacott,50.6938349,-4.4542276
Breja,50.1914112,-5.5190571
Bridge,50.1174865,-5.1790752
Bridgerule,50.7993506,-4.4520148
Brighton,50.3528137,-4.9468945
Brill,50.1213069,-5.1871575
Brillwater,50.119402,-5.1797061
Broad Lane,50.238052,-5.2630094
Broadgate,50.5405588,-4.2844051
Brodbane,50.4102821,-4.4858762
Brodrugan Barton,50.2577416,-4.7859206
Brunnion,50.1752304,-5.4924272
Budd's Titson,50.7879185,-4.4948763
Burlawn,50.4956639,-4.8244783
Burnthouse,50.1887281,-5.1305177
Burras,50.1682226,-5.2528161
Busveal,50.2323447,-5.201465
Caerhays Barton,50.2392617,-4.8569543
Calenick,50.2476339,-5.0578254
Callestick,50.3110418,-5.1258266
Cambrose,50.2628321,-5.2466015
Camels,50.2169392,-4.905995
Canonstown,50.1668599,-5.4542418
Carfury,50.1525774,-5.5769199
Carland,50.346034,-5.0260808
Carleen,50.1235337,-5.3365398
Carn Arthen,50.2132871,-5.2660542
Carnebone,50.139114,-5.2196011
Carnevas,50.5151782,-5.0170237
Carnkie,50.2142248,-5.2439788
Carnkief,50.3335447,-5.1128899
Carnyorth,50.1412361,-5.6750259
Carpalla,50.3519915,-4.8593911
Carrallack,50.1199285,-5.6843356
Carthew,50.3705746,-4.8049129
Carthew,50.371204,-4.8068408
Carthew,50.1796056,-5.251915
Cassacawn,50.5285631,-4.674757
Castallack,50.0728368,-5.5625348
Castledore,50.3603569,-4.6668941
Castlegoff,50.6103296,-4.706298
Chapel Town,50.3635526,-4.9797892
Chariton,50.5032341,-4.3961603
Cheesewarne,50.2777374,-4.795821
Chilsworthy,50.5277399,-4.237666
Chyanvounder,50.0559048,-5.2748594
Chybilly,50.0686506,-5.1912066
Chycoose,50.2098337,-5.0742577
Chynoweth,50.134041,-5.4294803
Chynoweth,50.3045481,-5.0844697
Chysauster,50.1566446,-5.5404748
Clampit,50.5524072,-4.3950049
Clampits,50.500208,-4.2443276
Cleave,50.8843413,-4.5521539
Clift,50.375303,-4.2484883
Clitters,50.5803343,-4.4804769
Clubworthy,50.7091399,-4.4454284
Cocks,50.3314634,-5.1373302
Cockwells,50.1553739,-5.471877
Codda,50.5770112,-4.5717032
Colan,50.4125185,-5.0018687
Coldwind,50.2192245,-5.1251106
Comfort,50.1206166,-5.1745666
Commonmoor,50.4969626,-4.4820885
Coombe,50.228648,-5.0323687
Coombe,50.4453874,-4.4828289
Coombe,50.8781557,-4.547739
Coombe,50.2339548,-5.3259498
Coombe Park,50.3850743,-4.2137869
Coosebean,50.2671983,-5.0711539
Coswinsawsin,50.1986479,-5.3295901
Couch's Mill,50.4023912,-4.6062976
Cowlands,50.227085,-5.0429832
Coxford,50.7416452,-4.6072521
Creed,50.2886268,-4.8980543
Cremyll,50.3603996,-4.1758689
Crimp,50.911868,-4.4831543
Cripplesease,50.1774474,-5.5030388
Croanford,50.5097162,-4.7741194
Crofthandy,50.2367687,-5.1745482
Cross Lanes,50.0486507,-5.2247503
Crossgate,50.6700978,-4.3470713
Crosswyn,50.2837868,-4.8356374
Crow's Nest,50.4980768,-4.4476163
Crown Town,50.1310939,-5.3089324
Crows-an-wra,50.0912185,-5.6436349
Crugmeer,50.5504644,-4.9636425
Cury,50.0463353,-5.2458299
Cusgarne,50.2230206,-5.1462035
Cusveorth Coombe,50.2452905,-5.1367621
Cutmadoc,50.4427875,-4.6814698
Darite,50.4989081,-4.4576178
Davidstow,50.6550392,-4.6162974
Demeiza,50.4387721,-4.8498649
Deveral,50.1680199,-5.3725727
Dexbeer,50.8568938,-4.4243476
Dizzard,50.7582756,-4.6003677
Downinney,50.683398,-4.5358597
Dowran St Just,50.1127861,-5.6584673
Draynes,50.4944296,-4.5195897
Durgan (NT),50.1042061,-5.1156676
Dutson,50.6495141,-4.348259
East Portholland,50.2365947,-4.8631291
East Taphouse,50.441818,-4.5616667
Edgcome,50.1531531,-5.1938781
Ellenglaze,50.3781016,-5.1297345
Escalls,50.0844793,-5.6830552
Fairy Cross,50.4296316,-4.6395314
Fentonadle,50.5701857,-4.7060676
Flushing,50.0849578,-5.101268
Forge,50.2629934,-5.231806
Fraddam,50.1634837,-5.3746111
Frogwell,50.493661,-4.3319401
Froxton,50.7712216,-4.4737333
Fursenewth,50.4803963,-4.5044835
Galowras,50.2638886,-4.8075168
Gang,50.4899957,-4.3858182
Gare,50.2508268,-4.969448
Georgia,50.1726375,-5.5262131
Giant's Holt,50.1342331,-5.6180162
Gillan,50.0847936,-5.0963794
Glenleigh Park,50.3166269,-4.8490278
Goonlaze,50.1899134,-5.1970183
Goonpiper,50.215903,-5.0582181
Goonvrea,50.3027624,-5.2177565
Gooseham,50.9194168,-4.5200751
Gorran High Lanes,50.2530375,-4.8239866
Gothers,50.3920098,-4.8644338
Great Basullow,50.1459235,-5.6200029
Great Tregue,50.3396956,-4.5492428
Great Winson,50.7782073,-4.5564933
Greenaway,50.5672041,-4.9257222
Greensplat,50.221181,-5.1287477
Grimscott,50.8352171,-4.4660449
Grumbla,50.1097918,-5.6278342
Gwavas,50.1173845,-5.2838452
Gwealavellan,50.2276853,-5.3678869
Gwedna,50.1431085,-5.3470802
Gwendreath,50.0094564,-5.1683059
Gwenter,50.0189166,-5.1545099
Gwinear,50.1874649,-5.3673441
Gwithian,50.2208769,-5.3857959
Halbathick,50.471476,-4.4627018
Hale Mills,50.2384773,-5.1537689
Halgoss,50.2362333,-5.2867606
Hallagather,50.7304097,-4.6255004
Hallaze,50.3736036,-4.7745771
Hallivick,50.3431045,-4.904613
Halton Quay,50.4683039,-4.236591
Halvosso,50.1542049,-5.1631871
Halwin,50.1598423,-5.2202003
Hammett,50.4658648,-4.3653889
Harewood,50.5012182,-4.1910339
Haye,50.5053922,-4.3289125
Hele,50.8082792,-4.532038
Hendra,50.0134704,-5.2035178
Hendra,50.5425728,-4.7928362
Hendra,50.1383789,-5.2306743
Hendra,50.3813649,-4.8853561
Hendra Croft,50.3524425,-5.0973331
Hernis,50.1661513,-5.1731116
Herodsfoot,50.4165967,-4.5145378
Hersham,50.8421783,-4.475127
Hessenford,50.3916159,-4.3802821
Hewas Water,50.3165212,-4.8483027
Hick's Mill,50.2272083,-5.1295216
High Carnkie,50.2126801,-5.2432385
High Condurrow,50.2067133,-5.2781501
High Cross,50.1184864,-5.154475
High Street,50.3429,-4.8577885
High Trevilla,50.2134926,-5.0486905
Higher Bakesdown,50.7785692,-4.4871202
Higher Larrick,50.581059,-4.3889496
Higher Ninnes,50.1553759,-5.5722037
Higher Ninnis,50.2357607,-5.1998392
Higher Penpol,50.3606292,-4.6152028
Higher Penpoll,50.1138748,-5.1176913
Higher Receven,50.1322601,-5.6148301
Higher Reen,50.3435834,-5.1315152
Higher Tregerest,50.1318048,-5.6311309
Higher Trekenning,50.4245704,-4.947096
Higher Tretharrup,50.2077869,-5.203744
Higher Trevartha,50.4542478,-4.426079
Higher Trevethan,50.2286369,-5.1947109
Higher Wadfast,50.7507668,-4.4711584
Highgate,50.3680559,-4.5917839
Hornick,50.3462401,-4.8512158
Horson Farm,50.3801069,-4.2318833
Hugus,50.2527962,-5.1225355
Idless,50.2871193,-5.0605793
Illand,50.5800633,-4.4175234
Jericho,50.1267391,-5.6402086
Kehelland,50.2214574,-5.3368241
Kelynack,50.1114706,-5.678387
Keneggy Downs,50.1132175,-5.4032373
Kenidjack,50.1332097,-5.6889958
Kerrow Moor,50.3856,-4.7849
Kerrowe,50.1841625,-5.5725518
Kestle,50.2734267,-4.8209222
Keybridge,50.5335934,-4.7014631
Killigorrick,50.4261149,-4.497913
Killvose,50.304411,-5.0830535
Kingston,50.5567184,-4.315788
Kitleigh,50.7667735,-4.4891382
Knave-Go-By,50.2035276,-5.2911751
Knighton,50.5895968,-4.4727645
Lamanva,50.1434048,-5.1321664
Lamorick,50.4483053,-4.7682913
Lamorran,50.2378604,-4.976572
Landewednack,49.9693846,-5.194645
Landgreek,50.3374092,-4.5373982
Langdon,50.708425,-4.5394878
Langore,50.6535956,-4.4084263
Lanhydrock,50.4418864,-4.7026463
Lanjeth,50.3416389,-4.8479327
Lannear,50.3341221,-4.5335272
Lanseaton,50.4714553,-4.4481618
Lanteglos,50.6090105,-4.7002693
Lanteglos Highway,50.3530254,-4.6050877
Lantyan,50.3846078,-4.6665829
Lanyon,50.1914689,-5.3592277
Launcells,50.8246165,-4.4925722
Leigh,50.8373273,-4.488817
Lelant Down,50.1722742,-5.4629247
Levalsa,50.3034305,-4.8107888
Ley,50.4677424,-4.5721154
Lezant,50.5872445,-4.3480083
Lezerea,50.1548109,-5.2444716
Lidwell,50.5477593,-4.2903956
Liggars,50.4324363,-4.5039095
Linkinhorne,50.5378979,-4.3744511
Little Beside,50.2425458,-5.1767798
Little Comfort,50.602337,-4.3378407
Little Downs,50.4772809,-4.6396413
Little Falmouth,50.1676206,-5.0736669
Little Landgreek,50.336573,-4.5370334
Little Manor,50.782017,-4.5561423
Little Polgooth,50.3138889,-4.8124919
Little Sellan,50.1184672,-5.5948734
Little Tratford,50.3408179,-4.545595
Little Tregue,50.3367518,-4.5465391
Little Winson,50.7800007,-4.5570294
Longdowns,50.1649753,-5.1605907
Longstone,50.5285708,-4.7366062
Lower Bodina,50.1320607,-5.6078579
Lower Bostraze,50.1290371,-5.6600195
Lower Bussow,50.1988691,-5.5062634
Lower Cardeast,50.49348,-4.6542773
Lower Lank,50.5451306,-4.6956266
Lower Lannner,50.23226,-5.0369965
Lower Larrick,50.5785873,-4.3885955
Lower Nanterrow,50.2216327,-5.3681332
Lower Ninnes,50.1533254,-5.5681931
Lower Ninnis,50.2367886,-5.1972429
Lower Penpol,50.3613079,-4.6067614
Lower Prospidnick,50.1337847,-5.2956231
Lower Sticker,50.3123725,-4.840004
Lower Tolgullow,50.2436799,-5.1858006
Lower Trebrown,50.4480711,-4.336936
Lower Tregarne,50.1239812,-5.1231912
Lower Tregerest,50.134292,-5.6228941
Lower Treluswell,50.1803197,-5.1157656
Lower Trevethan,50.2317391,-5.1913849
Lower Trevilla,50.2106089,-5.048315
Lower Trewashford,50.4614461,-4.3041781
Lower Wadfast,50.7517449,-4.4672531
Lower Woodley,50.4536527,-4.7830449
Lowertown,50.221531,-5.1400237
Luckett,50.5408444,-4.2749199
Luke's Shop,50.3935822,-4.9818724
Lynstone,50.8188209,-4.5489429
Mabe,50.1511438,-5.1403583
Maders,50.5194886,-4.3361566
Maidenwell,50.5059341,-4.6169449
Maker,50.3459855,-4.1938324
Malpas,50.2458288,-5.0241227
Markwell,50.4029965,-4.2946221
Marsh,50.8194315,-4.514062
Marshgate,50.6977458,-4.619655
Maudlin,50.4304504,-4.7024558
Mawla,50.2679307,-5.2250668
Maxworthy,50.710604,-4.4705127
Meaver,50.0261567,-5.2313807
Mellangoose,50.095604,-5.2417769
Menagissey,50.2755711,-5.2116583
Menna,50.3505676,-4.9322625
Merther,50.2634475,-5.0002183
Middle Hampt,50.5472792,-4.2725456
Middle Penpol,50.3609304,-4.6086368
Middle Taphouse,50.4416566,-4.5748583
Middle Tregerest,50.134139,-5.6266682
Millewarm,50.0587557,-5.2443232
Millook,50.7710435,-4.5756142
Millpool,50.1241971,-5.396964
Millpool,50.504072,-4.6526572
Milltown,50.3889855,-4.6690918
Milltown,50.4827904,-4.6568816
Mingoose,50.2944529,-5.2080999
Minions,50.5142469,-4.4538384
Mitchell,50.3531396,-5.0075597
Mixtow,50.3477748,-4.6293956
Mornick,50.526307,-4.3720908
Mount,50.4828077,-4.6131314
Mount View,50.1522286,-5.4876288
Muchlarnick,50.3809548,-4.510101
Mulfra,50.1579329,-5.5652221
Nancemellin,50.220939,-5.3597834
Nancenoy,50.1115529,-5.1734865
Nancherrow,50.1288316,-5.6797029
Nancledra,50.1700252,-5.5075112
Nansladron,50.301635,-4.8023131
Nanstallon,50.4701936,-4.7660169
Narkurs,50.3790705,-4.3601658
Nethercott,50.7471282,-4.458434
Netherton,50.5317914,-4.4144472
New Mills,50.3328743,-4.9541493
New Mills,50.2721152,-5.0768777
Newbridge,50.2552867,-5.0929792
Newhall Green,50.6075844,-4.7275327
Newmill,50.1514467,-5.5598051
Newtown,50.1135675,-5.3937487
Newtown,50.0658406,-5.1571425
Nine Maidens Down,50.1853342,-5.2499859
No Mans Land,50.3848301,-4.4274031
Norris Green,50.5053992,-4.2375844
North Beer,50.7031265,-4.3994719
North Darley,50.5364734,-4.4298658
Northmoor,50.7511741,-4.451074
Old Cardinham Castle,50.4804964,-4.6430227
Old Kea,50.2363914,-5.0232627
Old Mill,50.541705,-4.3025143
Pantersbridge,50.4824916,-4.5946598
Paramoor,50.3085833,-4.847955
Park Bottom,50.2379129,-5.2696113
Paul's Green,50.1510501,-5.3647831
Pempwell,50.5532682,-4.2991741
Penbeagle,50.2044774,-5.4930613
Penberth,50.0483785,-5.6303099
Penberthy Cross,50.145533,-5.4278391
Pencarrow,50.6114945,-4.6774185
Pencoys,50.1991415,-5.2427431
Pencuke,50.7211163,-4.6024992
Pendewey,50.471109,-4.7538405
Pendoggett,50.5815138,-4.7910114
Pendower,50.2055192,-4.9529111
Pendrift,50.5370166,-4.6821512
Penelewey,50.2245797,-5.0606965
Pengelly,50.4639244,-4.567502
Pengrugla,50.2889279,-4.8144588
Penhale,50.4236192,-4.4924426
Penhallick,50.0229052,-5.1214829
Penhallow,50.3169557,-5.1347124
Penhalvean,50.1960504,-5.2111673
Penmarth,50.1752582,-5.2178035
Penpillick,50.3768913,-4.7007374
Penpol,50.2112824,-5.0688289
Penpont,50.5387306,-4.7010641
Penquite,50.4326658,-4.3018748
Penrose Burden,50.5545581,-4.7033358
Pensipple,50.4085991,-4.4470613
Pentireglaze,50.5821167,-4.906855
Penventinue,50.3499625,-4.6507984
Penvergate,50.2420486,-4.8363314
Penwater,50.436427,-4.6004182
Penwortha,50.3261208,-5.1539281
Percuil,50.1675147,-4.9997471
Perran Downs,50.1246883,-5.4222627
Perranwell,50.3323127,-5.1238763
Philleigh,50.2164995,-4.9855605
Pickwick,50.5175468,-4.9259462
Piece,50.2121998,-5.2538707
Plain-an-gwarry,50.1323607,-5.4497382
Plusha,50.5949415,-4.4697456
Point,50.2077394,-5.0693975
Polborder,50.4615681,-4.2723075
Poldice,50.2385941,-5.1767154
Polkerris,50.3381927,-4.6810647
Polladras,50.1280691,-5.3339256
Polmassick,50.2750863,-4.8463447
Polmear,50.3497871,-4.6886081
Poltesco,49.9980577,-5.1767028
Ponsongath,50.0197373,-5.1338776
Pont,50.3430162,-4.6109306
Ponts Mill,50.3741048,-4.7109956
Popesmill,50.4476013,-4.4335953
Port Quin,50.5887764,-4.8672073
Porth Mellin,50.0152524,-5.2583646
Porthallow,50.0678587,-5.0796493
Porthcollum,50.1529469,-5.4185454
Porthcothan,50.508608,-5.0223532
Porthgwarra,50.0377508,-5.6722109
Porthwheveral,50.1128966,-5.1646599
Portlooe,50.3483202,-4.46905
Portwrinkle,50.36165,-4.3113064
Pothole,50.319846,-4.8495696
Praze,50.1667238,-5.3949578
Prideaux,50.3726479,-4.7282835
Providence,50.4197763,-4.8905237
Prussia Cove,50.1015133,-5.4182846
Rôskennals,50.1223889,-5.5980963
Raginnis,50.0779595,-5.545548
Rame,50.3219315,-4.2126076
Ramsgate,50.1989394,-5.3065525
Reawla,50.1775725,-5.3569376
Recassa,50.2474926,-4.8311109
Redgate,50.4897775,-4.4994866
Redpost,50.4502634,-4.5530462
Releath,50.1515389,-5.2762468
Rescorla,50.3846897,-4.7763715
Restronguet,50.1897787,-5.057928
Restronguet Passage,50.1957202,-5.0648369
Retew,50.3803897,-4.9278466
Retire,50.4458234,-4.8125071
Retyn,50.3901903,-4.9770015
Rezare,50.5750894,-4.317281
Rilla Mill,50.5342192,-4.4042763
Rillaton,50.5389225,-4.4023531
Rinsey Croft,50.1043952,-5.3530077
Riviere Towans,50.1950745,-5.4264498
Rose,50.3511802,-5.1275166
Rosecare,50.7331101,-4.5986583
Rosehill,50.3451171,-5.1185977
Rosemergy,50.1702849,-5.6174544
Rosenannon,50.4591712,-4.8812547
Rosenithon,50.0509841,-5.0725618
Roserrow,50.5661275,-4.896013
Rosevidney,50.1519794,-5.4579841
Rosevine,50.1886003,-4.9741162
Roskilly,50.0410057,-5.1390639
Roskorwell,50.073083,-5.084083
Rosuick,50.0466892,-5.1461112
Ruan High Lanes,50.2222732,-4.9415417
Ruthernbridge,50.4674331,-4.8024053
Ruthvoes,50.4074512,-4.9215005
Sconhoe,50.2870225,-4.7861119
Sellan,50.1146594,-5.5982854
Sheffield,50.0862858,-5.5547898
Shillingham,50.3937732,-4.2416862
Shortacross,50.3957304,-4.4088452
Skinner's Bottom,50.2719796,-5.1956741
Slaughterbridge,50.6383409,-4.6747209
South Beer,50.6982338,-4.3977553
South Carne,50.6049538,-4.5355576
South Tehidy,50.2350945,-5.2937371
Southmoor,50.7492197,-4.4520182
Sparnon Gate,50.2473827,-5.2480617
Splatt,50.6700557,-4.5158497
St Anthony-in-Meneage,50.0899899,-5.1008797
St Blazey Gate,50.3515626,-4.7296019
St Breock,50.51116,-4.8540647
St Endellion,50.5735221,-4.8287042
St Erney,50.4085216,-4.2934205
St Ewe,50.279989,-4.8387595
St Gennys,50.7442563,-4.6250931
St Ive,50.4804932,-4.38393
St Just-In-Roseland,50.1827415,-5.0101571
St Lawrence,50.463774,-4.7515332
St Loy,50.05299,-5.6033533
St Mewan,50.3317068,-4.8138417
St Michael Caerhays,50.2431086,-4.8583746
St Pinnock,50.4409161,-4.535594
St Veep,50.3649352,-4.6162457
St Wenn,50.4481322,-4.8635959
St. Clement,50.255675,-5.0170237
St. Columb Road,50.3972751,-4.9392138
St. Erme,50.309549,-5.0263905
St. Levan,50.0421534,-5.660741
St. Michael's Mount,50.1184035,-5.4775694
Stennack,50.1925262,-5.283909
Stibb,50.8685723,-4.5233902
Summercourt,50.3669524,-4.9720509
Sutton,50.5243563,-4.4120819
Sweetshouse,50.4252431,-4.6953112
Talastone,50.7025197,-4.3913503
Talland Bay,50.3379958,-4.4973881
Tamsquite,50.5446415,-4.7394897
Temple,50.5304528,-4.61679
Terras,50.3442479,-4.9021899
Thurdon,50.8729266,-4.4360216
Tideford Cross,50.4260326,-4.3378629
Tilland,50.4320917,-4.3516995
Tippet's Shop,50.2434102,-4.8964773
Tipwell,50.4839446,-4.2766972
Todpool,50.2452016,-5.1681445
Tolcarne,50.578252,-4.4731469
Tolroy,50.1723891,-5.4103758
Tolvan,50.1097163,-5.2091996
Towan,50.3087476,-4.7893519
Towan,50.5281074,-4.9989498
Traboe,50.048771,-5.1528588
Tramagenna,50.6086007,-4.6909437
Trannack,50.1484038,-5.4110198
Travesson,50.2377773,-4.8121349
Treal,50.0014191,-5.186414
Treath,50.0929985,-5.1309488
Treave,50.0872186,-5.6562794
Trebah,50.1059435,-5.1246441
Trebartha,50.5696097,-4.4522127
Trebarva,50.4240179,-5.0080033
Trebarwith,50.6414527,-4.7499997
Trebehor,50.0605988,-5.6670907
Treburgett,50.5822754,-4.7487969
Treburgie,50.4503924,-4.5284271
Trebyan,50.4365701,-4.7050009
Trecrogo,50.6005936,-4.3938907
Tredannick,50.506012,-4.7991393
Tredinnick,50.1581577,-5.5783578
Tredinnick,50.4674277,-4.5908152
Tredinnick,50.4952827,-4.9239252
Tredinnick,50.4051297,-4.7476383
Treen,50.1834414,-5.593571
Treesmill,50.3680424,-4.6893924
Treforda,50.6005266,-4.7142592
Trefrawl,50.3622662,-4.5804177
Trefrew,50.6305829,-4.6751462
Trefula,50.2384219,-5.1987449
Trefusis,50.1674144,-5.0608363
Tregajorran,50.2211413,-5.262925
Treganna,50.3037111,-4.8172154
Tregarland,50.3905044,-4.4541189
Tregarne,50.0657237,-5.0974305
Tregatta,50.6539416,-4.7522328
Tregavarras Row,50.2403504,-4.8288613
Tregelles,50.5633315,-4.8115849
Tregenhorne,50.1607936,-5.4082054
Tregenna,50.5332211,-4.6941762
Tregeseal,50.1290674,-5.6726399
Tregew,50.1700024,-5.0698847
Tregidden,50.0644636,-5.1389399
Tregiskey,50.2840542,-4.7921211
Tregole,50.7538071,-4.563295
Tregonce,50.5271622,-4.9230908
Tregonetha,50.4393427,-4.8799085
Tregonhawke,50.338347,-4.233538
Tregorrick,50.326484,-4.7910438
Tregoss,50.4088871,-4.8628031
Tregothnan Gardens,50.2406532,-5.0051898
Tregowris,50.0606193,-5.1143692
Tregreenwell,50.5919099,-4.7210825
Tregrehan Mills,50.3498,-4.7479
Treguddick,50.6134998,-4.4342047
Tregullan,50.4481455,-4.7290465
Tregurtha Downs,50.1291835,-5.4472239
Trehemborne,50.520129,-5.0041833
Trehill,50.4850304,-4.2635973
Trehunist,50.4495696,-4.3694874
Trekelland,50.6007571,-4.3441922
Trekenner,50.5811938,-4.3415473
Trelan,50.026867,-5.1498047
Trelash,50.6836344,-4.5682977
Trelean,50.1633154,-5.3958365
Trelights,50.5779576,-4.8396488
Trelill,50.5691689,-4.7630065
Trelion,50.3349432,-4.9091737
Treliske,50.2659265,-5.096627
Treloan,50.1746788,-4.9794085
Treloquithack,50.119244,-5.2332492
Trelowia,50.3839393,-4.397751
Trelowthas,50.2836273,-4.9691989
Trelugga,50.0086132,-5.2021895
Treluggan,50.2054127,-4.9651044
Tremail,50.6486147,-4.6013364
Tremar,50.485861,-4.4581225
Tremar Coombe,50.492259,-4.4618862
Tremayne,50.1273465,-5.5975023
Trembraze,50.4639899,-4.4542627
Tremearn,50.1350744,-5.5538856
Tremenheere,50.1152054,-5.2512657
Tremethick Cross,50.1201905,-5.5785872
Tremoan,50.4649488,-4.2632846
Tremore,50.4492121,-4.7977442
Tremorebridge,50.4464383,-4.8065418
Trenance,50.0200171,-5.2501079
Trenance,50.501636,-4.9231313
Trenault,50.6237382,-4.4558135
Trencrom,50.1769994,-5.4814611
Trendrine,50.2004145,-5.5377726
Treneague,50.5059894,-4.8397234
Trenedden,50.3601307,-4.5699035
Treneglos,50.6645496,-4.5384086
Trenerth,50.1721789,-5.3633548
Trenewan,50.3519166,-4.567114
Trenewth,50.5730924,-4.7133079
Trengune,50.7120326,-4.5652026
Trenhorne,50.5812802,-4.4362805
Treningle,50.4526137,-4.7547637
Trenissick,50.3815009,-5.0979768
Trenowin,50.1966445,-5.3635058
Trenwheal,50.1459065,-5.3385504
Trequite,50.5588977,-4.7832571
Trerice,50.1109989,-5.6043841
Trerose,50.1072722,-5.0962753
Tresaddern Farm,50.4278094,-4.9093462
Tresadderne,50.0066506,-5.1924554
Tresamble,50.2136026,-5.1467737
Tresarrett,50.5271144,-4.6963347
Trescowe,50.128634,-5.390449
Trescowes Green,50.1145011,-5.3668595
Treskillard,50.2070868,-5.258697
Treskilling,50.3865101,-4.7599135
Tresparrett,50.6958609,-4.6281637
Tresparrett Posts,50.7093953,-4.622971
Trethellan Water,50.2021622,-5.1986459
Trethevy,50.6706573,-4.7237699
Trethias,50.5203082,-5.0168521
Trethingy,50.1743128,-5.3963397
Trevadlock,50.586533,-4.4539735
Trevalga,50.6784429,-4.7173781
Trevalgan,50.2076747,-5.5191331
Trevalsa,50.3292734,-5.0683678
Trevalsoe,50.0383941,-5.0874984
Trevanson,50.520629,-4.8524339
Trevarder,50.3388047,-4.5793029
Trevarnon,50.2109485,-5.379156
Trevarrack,50.1818734,-5.4773324
Trevarren,50.4044972,-4.9392364
Trevarrick,50.2534127,-4.8320046
Trevarth,50.219404,-5.1877912
Trevassack,50.0584695,-5.2002562
Trevaylor,50.1384049,-5.5438301
Trevean,50.162,-5.6280381
Trevean,50.1361885,-5.5962959
Trevecca,50.4695709,-4.466722
Trevedda,50.3502735,-4.6071111
Trevega,50.2031664,-5.5301268
Treveglos,50.5294168,-4.9835861
Treveighan,50.5833226,-4.7199825
Trevelgue,50.4299747,-5.0475428
Trevell,50.6029875,-4.4647267
Trevelmond,50.4450228,-4.5320535
Treven,50.1567628,-5.4008609
Trevenen,50.1221339,-5.2386351
Trevenen Bal,50.1208682,-5.2448364
Trevenning,50.5700223,-4.7144311
Treveor,50.2424901,-4.824397
Treverva,50.1422767,-5.1417187
Trevethoe,50.1820859,-5.454951
Trevia,50.6214047,-4.6902282
Trevigo,50.5053922,-4.3456495
Trevilla,50.6446448,-4.6704803
Trevillet,50.6621222,-4.7189011
Treviscoe,50.3671804,-4.8937476
Treviskey,50.2135655,-5.1856945
Treviskey,50.2262748,-4.8941597
Trevithal,50.0857125,-5.5477107
Trevithian,50.0440395,-5.1170434
Trevollard,50.4028118,-4.2722089
Trevorian,50.081532,-5.6744142
Trevowhan,50.1620379,-5.6297281
Trew,50.1184665,-5.3341938
Trewalder,50.606979,-4.7236426
Trewarmett,50.6463556,-4.7364223
Trewarthla,50.221181,-4.9097715
Treween,50.6108048,-4.516734
Trewennack,50.112665,-5.2479203
Trewennan,50.599541,-4.7408229
Trewern,50.1340084,-5.5991189
Trewetha,50.5865,-4.8192
Trewethern,50.5542986,-4.8164396
Trewidland,50.4130542,-4.456261
Trewillis,50.0152618,-5.1060686
Trewinney Barton,50.2785894,-4.7875931
Trewint,50.5972891,-4.5163237
Trewint,50.7498433,-4.5733608
Trewithick,50.0987559,-5.3436942
Treworga,50.2246482,-4.9498228
Treworlas,50.2096357,-4.9545312
Treworrick,50.4880121,-4.4898558
Treworthal,50.2128131,-4.9700251
Treworthal,50.385072,-5.0882136
Treworval,50.1213206,-5.1348593
Trezaise,50.3976013,-4.8301911
Trezelah,50.1483436,-5.5316832
Trink,50.1814411,-5.4869402
Trispen,50.3137193,-5.03205
Trolver Croft,50.2062768,-5.0640117
Truscott,50.6472714,-4.4041855
Truthwall,50.1343198,-5.6844773
Trythall,50.148645,-5.5731262
Tuckingmill,50.5692436,-4.6977537
Tutwell,50.5596624,-4.2731661
Tywardreath Highway,50.3669212,-4.7075758
Upper Wilcove,50.3873181,-4.2136367
Upton,50.5265581,-4.4284886
Upton,50.815125,-4.5541377
Upton Cross,50.5234476,-4.4266025
Ventongimps,50.321569,-5.1189918
Veryan Green,50.222901,-4.9176448
Vogue,50.238601,-5.1909558
Wall,50.1813305,-5.3530143
Warleggan,50.4922695,-4.5999706
Washaway,50.4943074,-4.7686477
Watergate,50.3637443,-4.4847592
Waterloo,50.5242999,-4.6717744
Wayland,50.4884103,-4.4222528
Wearde Quay,50.3979752,-4.2170455
Week Green,50.7468706,-4.5009807
Welltown,50.467031,-4.4509504
Wenfordbridge,50.5451939,-4.7034193
Wenmouth Cross,50.4833023,-4.5455833
Werrington,50.6655273,-4.3650896
West Kellow,50.3435972,-4.5345229
West Pentire,50.4034329,-5.1303827
West Portholland,50.2352933,-4.8667873
West Taphouse,50.4414855,-4.6014545
West Tolgus,50.2382158,-5.2582676
Westdowns,50.6127548,-4.744938
Wheal Baddon,50.236014,-5.1171389
Wheal Frances,50.3301074,-5.1107442
Wheal Rose,50.2594918,-5.2018944
White Cross,50.400414,-4.9690268
Whitecross,50.1596042,-5.4579557
Whitecross,50.3457153,-4.6158221
Whitehall,50.3885451,-4.2070211
Whitemoor,50.382067,-4.8558271
Whitemoor,50.380814,-4.8560479
Widegates,50.3954978,-4.4131796
Widemouth Bay,50.7919391,-4.5537043
Wiggle,50.3356561,-4.2179358
Windsor,50.3378611,-4.5558089
Withnoe,50.3468582,-4.2436174
Woodford,50.8942625,-4.5341122
Woolston,50.4889291,-4.4051296
Chapel Rock,50.3485818,-5.1571964
Diggory Island,50.4914044,-5.0362963
Anthony House (NT),50.3850807,-4.2269303
Ardensaweth,50.0495497,-5.6729272
Ardensaweth Cliff,50.0457191,-5.688763
Bastard Mill,50.7506087,-4.5837132
Bayparks,50.7242611,-4.623443
Bealsmill,50.5696942,-4.3198988
Beeny Cliff,50.703446,-4.6812167
Black Carn,50.0423844,-5.6863168
Black Cross,50.4089819,-4.9427362
Black Penquite,50.5447784,-4.6703676
Bodigga,50.3636828,-4.4272327
Borlasevath,50.4588315,-4.900678
Boscarne,50.0866696,-5.6397885
Boskenwyn Downs,50.1003224,-5.2263214
Bosveal,50.1080885,-5.1125755
Boswin,50.1627024,-5.2312572
Bowden,50.4924617,-4.5333796
Bowithick,50.6384796,-4.7283439
Broomhill Cross,50.8511631,-4.4237147
Bulland  Downs,50.4969527,-4.4962772
Bye-Well,50.6835127,-4.5686903
Caerthillian  Cove,49.9674385,-5.2181682
Cambeak,50.7394899,-4.6532334
Candra,50.5710898,-4.6573944
Canworthy,50.7045923,-4.5121419
Carbis Bay,50.1926494,-5.4619226
Cardew,50.6938004,-4.5777074
Cardew Bungalow,50.6931094,-4.5725852
Cargelley,50.5778565,-4.6722165
Carkeel Roundabout,50.4189524,-4.2341135
Carleon Cove,49.997607,-5.1708945
Carn Barra,50.044975,-5.6899217
Carn Boel,50.0554466,-5.7043412
Carn Green,50.0629846,-5.7142547
Carn Guthensbrâs,50.0378641,-5.6842569
Carn Lês Boel,50.0505969,-5.6945995
Carn Scathe,50.0367346,-5.6699177
Carn Trevean,50.047538,-5.6881192
Carnaquidden Downs,50.1673659,-5.5425118
Carnmeal Downs,50.1169203,-5.3226225
Caroe Farmhouse,50.6956538,-4.5933453
Carricknath Point,50.1482724,-5.0180382
Cartmell,50.6839263,-4.5709993
Cartmell Bungalow,50.6857523,-4.57387
Carvynick,50.3688907,-4.9833731
Carwinion,50.1133912,-5.1049205
Casehill,50.5712191,-4.654712
Casehill Downs,50.5742574,-4.6480744
Chair Ladder,50.0368443,-5.6815103
Cleave Strand,50.7522083,-4.6191611
Clitter's Rock,50.2322672,-4.8215272
Cockport,50.7019752,-4.6004589
Collamoor Head,50.7114658,-4.5896704
Commando RIdge,50.1736861,-5.6212714
Common Towans,50.19956,-5.4177223
Congdon's Shop,50.5796804,-4.4274614
Constantine Quay,50.092427,-5.2042716
Corgee Farm,50.4117997,-4.7471341
Cot Valley,50.11678,-5.6912531
Cotehele Quay,50.4912024,-4.2232337
Cox Cliff,50.0391306,-5.6628233
Creegbrawse,50.2488176,-5.1658914
Cross Hill,50.5378165,-4.7565241
Cross Lanes,50.8291456,-4.4899488
Dannonchapel,50.6081357,-4.7740668
Dennis Head,50.0890338,-5.0931722
Denzell Downs,50.4654804,-4.9554366
Devil's Frying Pan,49.9849206,-5.1787139
Devil's Jump,50.5885787,-4.6827693
Diamond Horse,50.0557221,-5.7011226
Dinnabroad,50.6016646,-4.7722034
Doddycross,50.435864,-4.3877055
Downgate,50.5147983,-4.4257743
Downrow,50.6570011,-4.732327
Dr Syntax's Head,50.0686356,-5.7158953
Draynes  Bridge,50.4934037,-4.4983585
East  Draynes,50.4925931,-4.5073027
East Castick,50.5616721,-4.4508598
East Lawn,50.2831779,-4.8072965
East Wheal Basset,50.216491,-5.2329049
Eastcliff,50.2893425,-5.2385648
Efford's Bridge,50.366128,-4.236953
Elephant Rock,50.5832356,-4.5502902
Enys Head,49.9911351,-5.1698336
Escalls Cliff,50.0867988,-5.6889449
Example Cross,50.5881372,-4.4363927
Fenterleigh,50.6629755,-4.7318226
Fernacre,50.5880928,-4.6144224
Folly Cove,50.0426048,-5.687733
Forder Lake,50.3964922,-4.2318671
Frenchmans Creek,50.0909226,-5.1501649
Furzepark Wood,50.7523332,-4.5138464
Garrans Point,50.3060489,-4.7548798
Garrow,50.5720129,-4.6196513
Gell Pool,50.2244016,-4.8114007
Glendurgan,50.1077399,-5.1188194
Godrevy Towans,50.2321922,-5.3850185
Goss Moor,50.4048901,-4.8698297
Great  Draynes,50.4967837,-4.509148
Great Pinnock,50.349993,-4.6656379
Great Trevillian,50.7044529,-4.5732226
Great Wheal Fortune,50.1137719,-5.3196932
Greeb Farm,50.065322,-5.6965526
Greenacres,50.6874372,-4.5795495
Gunwen Farm,50.4135466,-4.7442588
Gweek Quay,50.0921446,-5.2055432
Halgabron,50.6663475,-4.7296325
Halvana,50.5811591,-4.5219244
Hannafore Point,50.3449571,-4.4526673
Helebridge,50.8052777,-4.5341891
Hella Point,50.0349698,-5.6725839
Hendergrove,50.4863341,-4.5143939
Hendra,50.6605544,-4.7313136
Hendra,50.1909004,-5.1843861
Hendra Downs,50.5870634,-4.5447224
Higher  Redgate,50.491501,-4.494471
Higher Bosistow,50.0522502,-5.681167
Higher Draynes,50.4960057,-4.5183748
Higher Gready,50.3931342,-4.721063
Higher Trefreock,50.5851083,-4.8366333
Higher Tregassa,50.1856543,-4.9771471
Higher Trevornick,50.4577737,-4.9203022
Higher Trevornick Business Park,50.4560652,-4.9246446
Higher Whiteleigh,50.7233346,-4.4850676
Hillhay,50.3414586,-4.6431556
Holwell,50.5511386,-4.2888713
Holywell,50.4205284,-4.8392932
Homer Park,50.5866968,-4.8331685
Hudson,50.8624325,-4.4258067
Jewell's Cross,50.8017326,-4.4634763
Jose's Tenement,50.597822,-4.7820379
Kenidjack Valley,50.1329885,-5.6937979
Kersbrook Cross,50.5523714,-4.3865188
Kingscombe Farm,50.5632444,-4.3654336
Kyrse,50.6543441,-4.5226895
Labour-in-vain,50.119898,-5.6644748
Land's End,50.0662633,-5.7148222
Lantallack Cross,50.4220581,-4.3110587
Lidgey,50.1866928,-5.1452536
Lion's Den,50.0582845,-5.7088474
Little  Pinnick,50.353578,-4.6680912
Little Cairo,50.6956873,-4.5961367
Little Garden,50.6887078,-4.5699761
Little Roseveth,50.2853857,-5.1009039
Lizard Downs,49.9798647,-5.2197397
Lizard Point,49.9588849,-5.2063788
Logan's Rock,50.0410845,-5.6367053
Longships,50.0664188,-5.7441559
Louden Hill,50.5920667,-4.6327116
Lower Bosistow,50.0567967,-5.6809953
Lower Hendra Cottage,50.5963007,-4.7828144
Lower Penham,50.6864295,-4.5782701
Lower Predannack Downs,49.9864589,-5.232835
Lower Trefreock,50.5865359,-4.8357507
Lower Trevillian,50.7051511,-4.570661
Lower Wheatley,50.7091377,-4.4879215
Lowland Point,50.0357519,-5.0692198
Madam Bray,50.2323564,-4.8185676
Man's Head,50.2167769,-5.488711
Manacle Point,50.051201,-5.0594385
Maxworthy Cross,50.7128072,-4.4553365
Mayon Cliff,50.0748517,-5.7088551
Menabilly,50.3297377,-4.6704783
Menachurch Point,50.8508212,-4.5576336
Menherion,50.1886043,-5.2283329
Middle Greadow,50.3911369,-4.7283318
Middle Wheatley,50.7197761,-4.4858187
Millendreath,50.3618041,-4.4363952
Moon's Park,50.6194269,-4.7434287
Moorview,50.7102565,-4.5902175
Nansidwell,50.1130642,-5.0983083
Nare  Head,50.1953243,-4.9214329
Newton,50.5809313,-4.6730464
Old Millfloor,50.6448558,-4.7400344
Orchard House,50.6921113,-4.597407
Otterham Mill,50.689412,-4.5869662
Outer Retallick,50.4614019,-4.9214998
Pedn Billy,50.1003027,-5.1401472
Pedn Boar,50.0048274,-5.1115036
Pednvaden,50.1854613,-4.9676518
Pednvaden Hole,50.1858873,-4.9687419
Pellitras Point,50.0403448,-5.6855872
Pen Olver,49.9612594,-5.189044
Penally Point,50.6918596,-4.7011351
Penberth Cove,50.0473466,-5.629222
Pencannow Point,50.7450028,-4.6383418
Pencra Head,50.0664934,-5.066416
Pendavy,50.5698735,-4.6880154
Pendeen Carn,50.1481675,-5.6633618
Pendennis Point,50.1436111,-5.0427144
Pendower Cove,50.0481994,-5.6884197
Pendrift Downs,50.5392309,-4.6757006
Pengold,50.7199358,-4.6397421
Penjerrick,50.1345708,-5.1100117
Penmennor,50.1903783,-5.1897719
Penpethy,50.6439728,-4.7121777
Penrest,50.6848431,-4.5723009
Penrose,50.1318215,-5.0897139
Pentire Point,50.5873645,-4.9329471
Penventon Quarry,50.2110114,-5.181639
Plaidy Beach,50.3591105,-4.4397924
Pol Ledan,50.0374448,-5.6691193
Polbream Point,49.9991739,-5.1686858
Polgigga,50.0563007,-5.6662753
Polvean Cross,50.4026322,-4.4879079
Pordenack Point,50.0584498,-5.7097486
Porth Loe,50.0389942,-5.6833556
Porth Nanven,50.1190912,-5.7003862
Portherras Cross,50.1529371,-5.6578571
Porthmoina Cove,50.1743852,-5.6204997
Pulsack,50.2060912,-5.388183
Rôskestal,50.04379,-5.6723264
Raftra,50.0518369,-5.6676915
Rame Head,50.312085,-4.2230415
Rhude Cross,50.8520502,-4.4710917
Rospletha Cliff,50.0394351,-5.6547529
Roughpark,50.6130841,-4.7476465
Roughtor Mine,50.6161162,-4.5981331
Rumps Point,50.5939019,-4.9232128
Rusey Beach,50.7170883,-4.6542659
Salthouse,50.7982051,-4.5556768
Scott's Quay,50.1023933,-5.1644647
Shallow-Bridge,50.5754819,-4.6776458
Silvermine Valley,50.3129039,-4.7652713
Skewjack,50.0652751,-5.6816518
Slades,50.5928537,-4.6096942
South Penquite,50.5441852,-4.6715799
St Allen,50.3149283,-5.0611125
St Anthony Head,50.1417096,-5.0144777
St Germans Quay,50.3904945,-4.3025544
St Loy's Cove,50.0520719,-5.6017559
Steward's Meadow,50.284802,-4.8069163
The Balk,49.9716549,-5.1876081
The Belyars,50.2067114,-5.4821235
The Mill House,50.5873441,-4.8279653
The Strangles,50.7270495,-4.6491994
Three Acres,50.6870344,-4.5777847
Three Burrows,50.2759494,-5.1609776
Three Holes Cross,50.5290192,-4.8067136
Todsworthy Farm,50.5115385,-4.2311579
Tokenbury Corner,50.5021141,-4.4256562
Tol-Pedn-Penwith (Gwennap Head),50.0353282,-5.678635
Tolverne,50.2190138,-5.0168432
Travellers Rest,50.2434177,-5.2800766
Treboul Cross,50.395056,-4.3278124
Trecarne,50.6305733,-4.7567814
Trecarne,50.636394,-4.7513734
Treeve Common,50.0686823,-5.7006287
Treforda,50.6668464,-4.7012848
Tregadjack,50.0626978,-5.2116813
Tregaina,50.6704639,-4.6989799
Tregardock,50.621932,-4.7631053
Tregedna Lodge,50.1325136,-5.1007208
Tregenna,50.5825445,-4.8409492
Tregleath,50.4897889,-4.773025
Tregoiffe,50.5656972,-4.3800924
Tregonnick,50.6234872,-4.758212
Tregragon,50.6150838,-4.7624026
Trehane,50.6764207,-4.7033261
Trehannick Saw Mill,50.5772816,-4.7372792
Trehill,50.5035382,-4.2297954
Trelash Farm,50.6842042,-4.568325
Treligga Downs,50.6228916,-4.7435574
Trelowarren,50.0727593,-5.1892492
Tremoutha Ball,50.7383512,-4.6375683
Trenarren,50.3045333,-4.7633781
Trencrom Hill,50.1738981,-5.4774515
Trenince,50.4015019,-4.7459754
Trenona,50.2334235,-4.9204806
Trenouth,50.6374963,-4.7325979
Trenowan,50.651559,-4.7522295
Trenoweth Estate,50.2495585,-5.2351147
Tresallack,50.5595755,-4.3414259
Trescowe Common,50.135161,-5.388167
Tresithick,50.3031164,-5.0263435
Trevedra,50.088527,-5.679107
Trevedra Common,50.0891879,-5.6741288
Trevigue Cottage,50.730058,-4.6421403
Trevillian Cottage,50.6983769,-4.5724202
Trevose Head,50.5491609,-5.036402
Trew,50.6584439,-4.5148762
Trewen;Trewen Farm Campsite,50.1416163,-5.1097623
Trewethet,50.6739953,-4.7272185
Trewin's Wood,50.7529305,-4.5125268
Trewinnow Cross,50.5866969,-4.4149622
Trewint,50.5840211,-4.8470382
Trewithien Lane-end,50.3238452,-4.851839
Trewitten,50.6663127,-4.7048294
Trewortha,50.5507899,-4.4843337
Trewrong Farm,50.3492707,-4.6814361
Trezibbet Lodge,50.5504285,-4.5414215
Trill Farm,50.3445056,-4.6863874
Tynes,50.6060227,-4.7540878
Upton,50.6355468,-4.7465293
Upton Towans,50.2091176,-5.4017546
Valentines,50.2803222,-4.8077091
Vellan Head,49.9888214,-5.2535679
Watering Place,50.0934369,-5.1506634
Webb's Down,50.5765834,-4.5453629
West  Draynes,50.4952467,-4.5151197
West Lawn,50.2816307,-4.8092329
West Looe Downs,50.3529918,-4.4639913
White Cross,50.0484287,-5.2360401
White Meadows,50.5741385,-4.6670233
Winnacott,50.6863484,-4.4595104
Winnards Perch,50.4564069,-4.9156547
Withan Quay,50.0878811,-5.149093
Woodford Cross,50.9005556,-4.534198
Wotton Cross,50.4292213,-4.2969396
Wringford,50.3686037,-4.6616038
Ynyal (Gurnard's Head),50.1926755,-5.5992765
Zawn Kelly,50.0455262,-5.6895354
Copperhouse,50.1881447,-5.4089326
Gonvena,50.5208827,-4.8309961
Guildford,50.1904668,-5.4021949
High Lanes,50.1851351,-5.4078801
Highertown,50.2629876,-5.0761973
Plaidy,50.3597077,-4.4431451
Treneere,50.1257052,-5.5425362
Wherrytown,50.112072,-5.5422357
Bodmin,50.470725,-4.7243205
Bude,50.8285252,-4.5469361
Callington,50.5025663,-4.3133635
Camborne,50.2138828,-5.2990347
Camelford,50.6209791,-4.6803323
Falmouth,50.1552197,-5.0688262
Fowey,50.3357786,-4.6365952
Hayle,50.1871402,-5.4178169
Helston,50.1016731,-5.273032
Launceston,50.6365062,-4.3604432
Liskeard,50.4546303,-4.4644227
Looe,50.3508088,-4.4548396
Lostwithiel,50.407478,-4.6678178
Marazion,50.1239321,-5.4727698
Mevagissey,50.2696687,-4.7872174
Newquay,50.4124418,-5.077007
Padstow,50.5404863,-4.9367329
Penryn,50.1685495,-5.1034063
Penzance,50.1213173,-5.5329266
Porthleven,50.0849174,-5.3166558
Redruth,50.233989,-5.2276468
Saltash,50.4072966,-4.2093029
St Austell,50.338466,-4.7882104
St Blazey,50.3630055,-4.7156518
St Columb Major,50.434461,-4.9401617
St Ives,50.214344,-5.4800019
St. Just,50.1243787,-5.6796789
Torpoint,50.3757288,-4.1991204
Wadebridge,50.5171441,-4.8340186
Altarnun,50.6034015,-4.5117408
Angarrack,50.1941949,-5.3883343
Antony,50.3698872,-4.2520782
Ashton,50.1092187,-5.3539663
Barripper,50.1974193,-5.3153531
Beacon,50.2062211,-5.2861137
Bissoe,50.2306171,-5.1183196
Blackwater,50.2720886,-5.1798404
Blisland,50.5288273,-4.6816934
Bodieve,50.5263664,-4.8329549
Bohortha,50.1518028,-4.9954981
Bojewyan,50.1544349,-5.6535104
Bolingey,50.3371771,-5.1431757
Bosavern,50.1156577,-5.6803767
Boscastle,50.6895365,-4.692369
Boscaswell,50.1546425,-5.6720103
Botus Fleming,50.4297986,-4.247599
Boyton,50.701853,-4.3821559
Brea,50.2160891,-5.2748554
Breage,50.1092859,-5.3341627
Budock Water,50.1484901,-5.1044355
Bush,50.8417572,-4.5098082
Cadgwith,49.9879391,-5.1803766
Calstock,50.4970002,-4.2069957
Calvadnack,50.1755091,-5.238925
Canworthy Water,50.6984676,-4.5166742
Caradon Town,50.5175578,-4.410126
Carbis Bay,50.1967914,-5.4646327
Cardinham,50.4881563,-4.6483442
Cargreen,50.441276,-4.2072036
Carharrack,50.2305988,-5.1789175
Carlyon Bay,50.335316,-4.7460247
Carnhell Green,50.1883682,-5.3412409
Carnkie,50.1644657,-5.1981489
Carnmenellis,50.1793561,-5.2258619
Carnon Downs,50.2224031,-5.0874858
Cawsand,50.3323268,-4.2027534
Chacewater,50.2569535,-5.1566646
Chapel Amble,50.5443635,-4.8282501
Charlestown,50.3329873,-4.7577601
Church Town,50.2080483,-5.1136645
Coad's Green,50.5657663,-4.4100699
Comford,50.2151962,-5.1772144
Connor Downs,50.2037396,-5.3721426
Constantine,50.1188811,-5.1749558
Constantine Bay,50.5308637,-5.0124701
Coombe,50.3282375,-4.8800836
Coverack,50.0224895,-5.0971985
Crackington Haven,50.7403071,-4.6319668
Crafthole,50.366103,-4.2990403
Crantock,50.4016682,-5.1098922
Crowan,50.163324,-5.2984309
Crowlas,50.1462489,-5.4772881
Crumplehorn,50.3362724,-4.5262616
Cubert,50.3790626,-5.1159792
Daw's House,50.6220851,-4.3840338
Devoran,50.2114459,-5.0937735
Dobwalls,50.4575196,-4.5170701
Doublebois,50.456045,-4.5378455
Downderry,50.3617285,-4.3722938
Downgate,50.5337554,-4.3072817
Duloe,50.4001601,-4.4865992
East Looe,50.3545669,-4.4517948
East Taphouse,50.4442259,-4.560632
Eastcott,50.9164153,-4.4881746
Egloshayle,50.5139319,-4.8168952
Egloskerry,50.6544019,-4.4441637
Feock,50.2053027,-5.0531402
Five Lanes,50.5993016,-4.5093809
Flexbury,50.8371606,-4.5429964
Flushing,50.1654227,-5.0702332
Forder,50.4021312,-4.2368947
Four Lanes,50.2023201,-5.2396596
Foxhole,50.3579664,-4.8624853
Fraddon,50.3873319,-4.9369875
Freathy,50.3481992,-4.2509797
Frogpool,50.2183819,-5.1418804
Garras,50.0709911,-5.2107069
Gerrans,50.178432,-4.9813535
Gluvian,50.4430039,-4.9352824
Godolphin Cross,50.1336284,-5.3474805
Golant,50.3635669,-4.6420248
Golberdon,50.517106,-4.3586654
Goldsithney,50.1251858,-5.4372121
Goonbell,50.3043073,-5.1899982
Goonhavern,50.3423068,-5.1103403
Gorran Churchtown,50.2465873,-4.8076667
Gorran Haven,50.2412337,-4.7927555
Grampound,50.2989797,-4.9002748
Grampound Road,50.3167187,-4.9291776
Greenbottom,50.2638785,-5.1346717
Gulval,50.1326635,-5.5212394
Gunnislake,50.5238826,-4.2161922
Gweek,50.0967871,-5.2080322
Gwennap,50.2180351,-5.171
Hallworthy,50.6610702,-4.575848
Halse Town,50.1949726,-5.4940932
Halwartha,50.167346,-5.015518
Hannafore,50.3472626,-4.4531211
Harlyn,50.5384844,-4.9976439
Harrowbarrow,50.5095754,-4.2623108
Hatt,50.4363546,-4.2580796
Heamoor,50.1268259,-5.5518726
Helford,50.0931362,-5.1369699
Helland,50.5072988,-4.714872
Hellandbridge,50.5101379,-4.7313729
Henwood,50.5343605,-4.4479293
Higher Crackington,50.7295058,-4.6142443
Higherland,50.5421823,-4.2993386
Holywell,50.3869125,-5.1391609
Illogan,50.2431875,-5.2653755
Illogan Highway,50.2295508,-5.2581107
Indian Queens,50.3932571,-4.9316166
Jacobstow,50.7337413,-4.5550398
Kea,50.2447368,-5.072308
Kelly Bray,50.5202905,-4.3155763
Kestle Mill,50.3936371,-5.0251038
Kilkhampton,50.8759873,-4.481866
Kingsand,50.3342449,-4.2006531
Kuggar,50.0041428,-5.1767403
Ladock,50.3206154,-4.9611895
Lamorna,50.0650754,-5.5678845
Landrake,50.4218667,-4.2893435
Landulph,50.4322284,-4.2093064
Laneast,50.6280556,-4.5057926
Lanivet,50.4446543,-4.7646555
Lanlivery,50.3992035,-4.7027502
Lanner,50.2164069,-5.2042051
Lanreath,50.3836025,-4.5593977
Lansallos,50.3357129,-4.5682024
Lawhitton,50.6173537,-4.3247415
Leedstown,50.1607236,-5.3556445
Lelant Saltings,50.177988,-5.4422684
Lerryn,50.3832194,-4.6163893
Lesnewth,50.6832323,-4.6463746
Lewannick,50.6006968,-4.4367705
Little Petherick,50.512,-4.93721
Lizard,49.9687683,-5.2039246
London Apprentice,50.316551,-4.8009523
Longrock,50.1286345,-5.5016989
Lower Drift,50.1019572,-5.5822598
Ludgvan,50.1452628,-5.4881623
Luxulyan,50.3899376,-4.7425955
Mabe Burnthouse,50.1642721,-5.1318738
Madron,50.1328237,-5.5664764
Manaccan,50.0837037,-5.1271011
Marhamchurch,50.8052573,-4.5215489
Mawgan,50.0806989,-5.2031914
Mawnan,50.1047794,-5.0956653
Mawnan Smith,50.1168417,-5.1080056
Mayon,50.0741159,-5.6927653
Menheniot,50.4396906,-4.4137131
Merrymeet,50.4676254,-4.4271
Metherell,50.5051925,-4.2447468
Michaelstow,50.5777371,-4.7129456
Middle Crackington,50.7327704,-4.6170911
Middlehill,50.4986483,-4.4098503
Millbrook,50.3471467,-4.216896
Mithian,50.3122671,-5.1688103
Morvah,50.1615256,-5.63859
Morval,50.3851416,-4.4479595
Morwenstow,50.909004,-4.5522498
Mount Charles,50.4858836,-4.7623934
Mount Hawke,50.2829915,-5.2081715
Mousehole,50.0838497,-5.5391867
Mullion,50.0276488,-5.2416488
Mylor Bridge,50.1852965,-5.0765809
Mylor Churchtown,50.177468,-5.0547876
Nancegollan,50.1424836,-5.3072909
Nanpean,50.368549,-4.8677409
New Polzeath,50.578567,-4.9154201
Newbridge,50.1290192,-5.6051583
Newbridge,50.4876885,-4.3301591
Newlyn,50.1062596,-5.5500155
North Hill,50.5640775,-4.4397673
North Petherwin,50.6782276,-4.434679
North Tamerton,50.750214,-4.3966771
Otterham,50.6876643,-4.5957774
Par,50.3494152,-4.7050945
Paul,50.0895993,-5.5464337
Pelynt,50.367564,-4.5260096
Pendeen,50.1513312,-5.6652773
Penponds,50.204581,-5.3154617
Penrose,50.4984557,-4.997045
Pensilva,50.5038637,-4.4140565
Pentewan,50.2921821,-4.78189
Penwithick,50.3732974,-4.7806413
Perran Coombe,50.3319357,-5.1608911
Perranarworthal,50.2086447,-5.1164014
Perranporth,50.3444208,-5.153844
Perranuthnoe,50.1155313,-5.4443092
Perranwell,50.2141916,-5.1174897
Perranzabuloe,50.3264405,-5.1330165
Phillack,50.1946353,-5.4193051
Pillaton,50.4556608,-4.3037168
Pipers Pool,50.6306605,-4.4639914
Pityme,50.5541118,-4.8917693
Playing Place,50.234157,-5.0685226
Polbathic,50.3888064,-4.3251663
Polgooth,50.3206643,-4.8174649
Polperro,50.331349,-4.5190582
Polruan,50.3286019,-4.6345762
Polyphant,50.6131332,-4.4569315
Polzeath,50.5728393,-4.9149007
Ponsanooth,50.1969421,-5.1421334
Pool,50.2269433,-5.2705123
Porkellis,50.1552348,-5.2325936
Port Isaac,50.5938787,-4.8299895
Port Navas,50.1077905,-5.1455322
Porth,50.4236994,-5.0560832
Porthallow,50.3392274,-4.4954001
Porthcurno,50.0476461,-5.6569816
Porthmeor,50.1784779,-5.5981296
Porthoustock,50.0562982,-5.0661298
Porthtowan Beach,50.2873795,-5.2423888
Portloe,50.2184625,-4.8928681
Portmellon,50.2627349,-4.7867517
Portreath,50.2608748,-5.2896777
Portscatho,50.1797427,-4.9756476
Poughill,50.8421875,-4.5253367
Poundstock,50.7660776,-4.551386
Praa Sands,50.1050101,-5.3854187
Praze-An-Beeble,50.1738257,-5.3119397
Probus,50.2928518,-4.9508581
Quethiock,50.4584941,-4.3771713
Quintrell Downs,50.4011643,-5.0283706
Rame,50.1627098,-5.1816973
Relubbus,50.1386373,-5.4029337
Rinsey,50.0970131,-5.3666207
Roche,50.4072504,-4.8331948
Rock,50.5446768,-4.9118108
Roseworthy,50.2081929,-5.3450937
Rosudgeon,50.1158224,-5.4193145
Ruan Lanihorne,50.240612,-4.9535759
Ruan Minor,49.993846,-5.1831252
Rumford,50.49361,-4.9658331
Sancreed,50.1080135,-5.6095791
Sandplace,50.3855629,-4.4619972
Scorrier,50.2550825,-5.1949525
Seaton,50.3665461,-4.3876756
Sennen,50.0705894,-5.6950433
Sennen Cove,50.0776297,-5.702157
Seworgan,50.1341933,-5.2093588
Sheviock,50.3733015,-4.2938488
Shop,50.905888,-4.5216949
Shortlanesend,50.2880761,-5.0779283
Sithney,50.1138355,-5.3089856
South Hill,50.5291975,-4.358315
South Petherwin,50.6122953,-4.3895138
Splatt,50.5506363,-4.8981023
St Ann's Chapel,50.5170342,-4.2407265
St Cleer,50.4861199,-4.471676
St Clether,50.6296363,-4.5345416
St Day,50.2392986,-5.1848837
St Dennis,50.3835001,-4.8807213
St Dominic,50.4892917,-4.2549929
St Enoder,50.3743138,-4.9661641
St Erth,50.1656838,-5.4317623
St Ervan,50.4936566,-4.9743191
St Eval,50.478946,-4.9826868
St Germans,50.3950988,-4.3113091
St Issey,50.5101105,-4.9225519
St Ive Keason,50.4866,-4.373807
St Kew,50.5575574,-4.7940325
St Kew Highway,50.5465544,-4.7785883
St Keyne,50.4230861,-4.4780016
St Mabyn,50.5262149,-4.7640311
St Martin,50.3697775,-4.4473158
St Martin,50.0727887,-5.1665266
St Mellion,50.4675187,-4.2709553
St Minver,50.5584988,-4.8740679
St Neot,50.4818765,-4.5594342
St Stephen,50.3449089,-4.8909241
St Stephen,50.6468299,-4.3706405
St Teath,50.5918961,-4.7364889
St Tudy,50.5551224,-4.7316643
St. Agnes,50.3122758,-5.2037934
St. Breward,50.5596209,-4.6884949
St. Buryan,50.0750544,-5.6203892
St. Columb Minor,50.4212397,-5.0428584
St. Hilary,50.1307463,-5.428798
St. John,50.3613746,-4.2376225
St. Keverne,50.050451,-5.0880698
St. Mawes,50.1584833,-5.0157134
St. Mawgan,50.4547944,-4.9977827
St. Merryn,50.5261709,-4.9892997
St. Newlyn East,50.3670147,-5.0544204
St. Ruan,49.9918278,-5.1871191
Stenalees,50.3803391,-4.7944221
Sticker,50.3177597,-4.8386237
Stithians,50.1891131,-5.1770174
Stoke Climsland,50.5461476,-4.3147339
Stratton,50.8317494,-4.512731
Talland,50.3379282,-4.4900604
Talskiddy,50.4500035,-4.9406498
Threemilestone,50.2624941,-5.1163226
Tideford,50.4143823,-4.3279173
Tintagel,50.6642063,-4.7526181
Tolvaddon Downs,50.2291455,-5.2868187
Towednack,50.1863838,-5.5163332
Townshend,50.1469447,-5.3722645
Trebarwith Strand,50.6447288,-4.7603626
Trebetherick,50.5662308,-4.9221963
Trebullett,50.5802947,-4.368951
Treburley,50.5747896,-4.3338034
Tredavoe,50.1028534,-5.5601702
Tredethy,50.5143263,-4.7356859
Tredinnick,50.3887528,-4.4807857
Treen,50.0511063,-5.6417501
Tregadillet,50.6296345,-4.4072933
Tregeare,50.6535856,-4.4852766
Tregony,50.2682766,-4.9125621
Tregurrian,50.4473769,-5.0285321
Treknow,50.6494488,-4.7518841
Treligga,50.6268399,-4.7576376
Tremaine,50.6739877,-4.4955762
Trematon,50.4151193,-4.2617376
Tremayne,50.4472428,-4.9052652
Tremough,50.1700687,-5.12457
Trenance,50.4722994,-5.0276448
Tresillian,50.2786097,-4.9957297
Tresinney,50.6018348,-4.6824151
Tresmeer,50.6628388,-4.5010964
Trethurgy,50.3667745,-4.7608375
Trevarrian,50.4568018,-5.0291428
Trevellas Downs,50.3258069,-5.1749134
Treverbyn,50.3763298,-4.7661967
Trevivian,50.6400912,-4.5865001
Trevone,50.541908,-4.972233
Trewellard,50.1461172,-5.6720192
Trewen,50.6257688,-4.4710655
Trewithian,50.1974318,-4.9731064
Trewoon,50.3411459,-4.8200903
Treyarnon,50.5245979,-5.0170123
Troon,50.195401,-5.276347
Troswell,50.6996001,-4.4789251
Tuckingmill,50.2235347,-5.2820289
Twelveheads,50.2386156,-5.1421321
Tywardreath,50.3571267,-4.6924922
Uny Lelant,50.1840569,-5.4370229
Venterdon,50.5494909,-4.3198784
Veryan,50.2188717,-4.9225031
Wainhouse Corner,50.7307061,-4.5763204
Warbstow,50.6854551,-4.5412632
Warbstow Cross,50.6887027,-4.538179
Week St Mary,50.750848,-4.5011168
Wendron,50.1334318,-5.250493
West Looe,50.3531094,-4.4583049
Whitecross,50.513426,-4.8714515
Whitstone,50.7618158,-4.4637319
Withiel,50.4537483,-4.8260901
Yeolmbridge,50.6638408,-4.3811399
Zelah,50.3257276,-5.0755936
Zennor,50.1920531,-5.5660989
