Barrow Bridge,53.6003003,-2.4725865
Bottom o' th' Moor,53.5964924,-2.5144001
Chew Moor,53.5643095,-2.5017808
Cooper Turning,53.5696007,-2.5465543
Dobb Brow,53.5452886,-2.5370079
Four Gates,53.5664606,-2.5403892
Grimeford Village,53.6100906,-2.5783827
Hollins,53.5483429,-2.4412907
Horrocks Fold,53.6133951,-2.450849
Hulton Lane Ends,53.5482699,-2.4702021
Montcliffe,53.6053857,-2.5238395
Nob End,53.552821,-2.3789179
Wallsuches,53.6000471,-2.5195814
Astley Bridge,53.6014834,-2.4324348
Bank Top,53.6059397,-2.4187662
Breightmet,53.5830028,-2.3845554
Burnden,53.5654845,-2.4133731
Darcy Lever,53.5690061,-2.4010571
Daubhill,53.5615391,-2.4527951
Deane,53.5701238,-2.4567782
Doffcocker,53.5903239,-2.4730703
Eagley,53.6146923,-2.4257875
Fernhill Gate,53.5636741,-2.4699573
Great Lever,53.5617528,-2.4213409
Halliwell,53.5929974,-2.441758
Heaton,53.5815881,-2.4658413
Highfield,53.5451386,-2.4200459
Ladybridge,53.5703283,-2.4746731
Lostock,53.576639,-2.4952682
Markland Hill,53.5824926,-2.4792738
Middlebrook,53.5823688,-2.5355964
Moss Bank,53.5960252,-2.4641431
New Bury,53.5418533,-2.4054034
Sharples,53.6088588,-2.4346522
Stoneclough,53.5455201,-2.3678584
The Haulgh,53.5745013,-2.4144347
Tonge Fold,53.5805899,-2.4053503
Tonge Moor,53.5883888,-2.4124222
Wingates,53.561785,-2.5254481
Bolton,53.577694,-2.4288874
Farnworth,53.5484738,-2.3968672
Horwich,53.5965362,-2.5409992
Kearsley,53.5401383,-2.3779588
Westhoughton,53.5502444,-2.522608
Blackrod,53.5938388,-2.5804141
Bradshaw,53.6066035,-2.398959
Bromley Cross,53.6150162,-2.41735
Daisy Hill,53.5343095,-2.5197501
Dunscar,53.6196216,-2.4351664
Hag Fold,53.5300785,-2.4966531
Little Lever,53.5621656,-2.3724403
Prestolee,53.5479873,-2.3722131
Ringley,53.5436456,-2.3553791
Toppings,53.61746,-2.4207832
Affetside,53.6187359,-2.3719894
Bank Lane,53.6508465,-2.3029227
Bottom o'th' Moor,53.5893436,-2.3674845
Bradley Fold,53.5722061,-2.3682991
Brooksbottom,53.6332721,-2.3164415
Cinder Hill,53.5473118,-2.3514223
Four Lane Ends,53.606355,-2.3579735
Greenmount,53.6234158,-2.3413242
Hawkshaw,53.631687,-2.3658188
Kirklees,53.6157078,-2.3362127
Park,53.6416368,-2.3013173
Side of the Moor,53.6089358,-2.3851446
Simister,53.5484681,-2.2566435
Stand,53.5442681,-2.3112598
Starling,53.5888182,-2.3415148
Wood Road,53.622795,-2.3143292
Gallows Hill,53.6053994,-2.2607207
Woodgate Hill,53.6031772,-2.2610576
Bank Top,53.5752276,-2.3122577
Black Lane,53.5698621,-2.3386533
Blackford Bridge,53.5672299,-2.2952715
Buckley Wells,53.5867976,-2.3014829
Chapel Field,53.5500138,-2.3142691
Chesham,53.6049858,-2.2890911
Elton,53.5947693,-2.3204778
Fernhill,53.6011941,-2.2953052
Fishpool,53.5833942,-2.285194
Gigg,53.5816031,-2.2865567
Harwood,53.5996478,-2.3847883
Heaton Park,53.5325285,-2.2715172
Higher Woodhill,53.6097213,-2.3127866
Kirkhams,53.5409256,-2.2789674
Nuttall,53.6369593,-2.3130956
Outwood Gate,53.5499388,-2.3254526
Park Lane,53.5414276,-2.3056626
Redvales,53.5757428,-2.2978435
Unsworth,53.5620343,-2.2724723
Woolfold,53.6030899,-2.3250068
Bury,53.5964097,-2.2904086
Prestwich,53.5304274,-2.2960186
Radcliffe,53.5593382,-2.3261546
Ramsbottom,53.648383,-2.315696
Whitefield,53.5533682,-2.2969019
Ainsworth,53.58619,-2.3560596
Hazelhurst,53.6367971,-2.3354826
Holcombe,53.644932,-2.3310586
Hollins,53.5692293,-2.2863336
Limefield,53.6128249,-2.2912628
Summerseat,53.6271839,-2.3202367
Tottington,53.6126255,-2.3433506
Walmersley,53.6188239,-2.2971772
Walshaw,53.6012994,-2.3412268
Aston Juxta Mondrum,53.1087622,-2.5225204
Beeston,53.1232885,-2.6862178
Bell o' th' Hill,53.0046385,-2.7114368
Bickley Moss,53.0362451,-2.6837264
Bickley Town,53.0329001,-2.6999583
Bickleywood,53.0262957,-2.7154726
Blackden Heath,53.2370654,-2.3284802
Blakelow,53.0612852,-2.4769264
Bradwall Green,53.1677563,-2.3625553
Bridgemere,53.0060742,-2.4252871
Burleydam,52.9796303,-2.5892943
Butley Town,53.2961011,-2.1338757
Butt Green,53.0581981,-2.4969956
Byley,53.2203348,-2.4192898
Checkley,53.0126233,-2.3992029
Checkley Green,53.0074496,-2.4019958
Chorley,53.055143,-2.6381555
Coxbank,52.9724754,-2.5124518
Danebridge,53.1828325,-2.053408
Darnhall,53.1643211,-2.5480374
Gauntons Bank,53.0234296,-2.6490214
Hack Green,53.031884,-2.5294724
Hassall Moss,53.1201617,-2.3535077
Hatherton,53.0219714,-2.4744839
Haughton,53.1030117,-2.6323933
Hawkslee,53.1842955,-2.0921105
Haymoor Green,53.0529949,-2.4727669
Hetherson Green,53.0450299,-2.7036242
Higher Burwardsley,53.1038207,-2.7134172
Higher Poynton,53.349839,-2.0854504
Hollinsgreen,53.1694156,-2.393862
Horse Green,53.0170439,-2.6654649
Hunsterson,53.0120576,-2.4505446
Kerridge,53.2895424,-2.0982757
Kinsey Heath,52.9795142,-2.4925861
Lightwood Green,52.982524,-2.5475295
Lindow End,53.3039899,-2.2777508
Lyme Green Park,53.2323183,-2.126406
Malkins Bank,53.1293376,-2.3536724
Marley Green,53.0085641,-2.6261027
Marton,53.2117253,-2.2254921
Middlewood,53.3567622,-2.0838151
Morley Green,53.3345653,-2.2666211
Norbury,53.0209923,-2.6601486
Norbury Common,53.0303204,-2.6727031
Oak Tree Farm,53.1629502,-2.6025647
Peckforton,53.1034045,-2.690442
Peover Heath,53.257879,-2.3120236
Pott Shrigley,53.3093362,-2.0833989
Puddinglake,53.2230179,-2.4160941
Rainow,53.2832475,-2.075815
Rainowlow,53.2915803,-2.0704458
Ridley,53.0883525,-2.6651269
Smith's Green,53.0740958,-2.3609997
Sproston Green,53.1997478,-2.4022302
Spurstow,53.1082973,-2.6612329
Swanbach,52.9772691,-2.5144251
Swanwick Green,53.0268985,-2.6738092
Sworton Heath,53.3534859,-2.4693585
Tabley,53.3100554,-2.4211208
Tilstone Fearnall,53.13866,-2.6454965
Tiverton,53.1393479,-2.6716283
Turf Lea,53.3716905,-2.0514423
Walgherton,53.0371219,-2.4519791
Walker Barn,53.2610215,-2.0675004
Walleys Green,53.1488549,-2.4760465
Wardle,53.1100761,-2.5831041
Whirley Grove,53.2710715,-2.1732171
Whiteley Green,53.3049436,-2.1210244
Wildboarclough,53.2161783,-2.0257221
Willey Moor,53.0111019,-2.6957728
Wimboldsley,53.166713,-2.4636807
Wood Lanes,53.3320551,-2.0974231
Woodend,53.3709515,-2.0426805
Woodend,53.3514649,-2.2329036
Woodford,53.3396158,-2.1709772
Wrenbury Heath,53.0304957,-2.5878926
Appletree Fields,53.0397903,-2.5766165
Baddiley Lodge,53.0534466,-2.5918561
Bickley Town Bridge,53.0290544,-2.7019465
Bosley Minn,53.1952856,-2.0924558
Bradfield Green,53.1262252,-2.4779109
Bret's Moss,53.0438666,-2.6893876
Bunbury Staircase Locks,53.126826,-2.6321282
Burland Lower Green,53.0760123,-2.5948217
Burland Upper Green,53.0771182,-2.5877289
Casey Bridge,53.0641221,-2.4182382
Crowholt,53.2082902,-2.1383588
Dingers Hollow Farm,53.2358384,-2.027356
Faddileybank,53.0722431,-2.6169514
Fox Corner,53.0960019,-2.3952998
Gradeley Green,53.066287,-2.5963914
Handley Park,53.0163452,-2.6739216
Hollin Green,53.0681144,-2.6035632
Jepsonclough Farm,53.3247385,-2.1002673
Larden Green,53.0606722,-2.6147985
Marshfield Bank,53.0951601,-2.4913015
Moston,53.158394,-2.4412702
Norbury Meres,53.0391151,-2.659284
Oakhanger Moss,53.0927968,-2.3493394
Porter's Hill,53.0278015,-2.6183937
Prince Hill,53.0000707,-2.4173174
Sutton Common,53.2067781,-2.0996881
The Holtridge,53.0321508,-2.6538967
Three Brooks,52.9855216,-2.4361476
Weston Gate,53.0637079,-2.3950186
Weston Heath,53.0677616,-2.4093295
Weston Mere,53.0669721,-2.4070548
Westoncommon,53.0708929,-2.4089069
White Moss,53.0907989,-2.3380921
Whitehall Bridge,53.3134997,-2.2362705
Wincle Minn,53.1951788,-2.0861975
Woodcott,53.0319222,-2.5853893
Yew Tree Farm,53.1963504,-2.1660671
Agden,53.3772617,-2.429804
Astle,53.2621944,-2.2541028
Birtles,53.2803543,-2.1898555
Bollinbrook,53.2696522,-2.1416291
Bollington Cross,53.2905246,-2.1167403
Broken Cross,53.2593961,-2.1612488
Buglawton,53.1735669,-2.1923783
Colshaw Farm,53.3383656,-2.2150086
Coppenhall,53.1112745,-2.4490621
Deansgreen,53.3655256,-2.4613378
Elworth,53.1493797,-2.3884897
Ettiley Heath,53.1423785,-2.3950128
Fulshaw Park,53.3167943,-2.2405419
Glebe Green,53.1782033,-2.5345904
Greenside,53.263523,-2.1661389
Handforth,53.3501757,-2.2158251
Higher Hurdsfield,53.269168,-2.1002745
Hurdsfield,53.2650766,-2.109419
Ivy Farm,53.247828,-2.1506822
Ivy Meade,53.2542662,-2.1491713
Little Bollington,53.3715338,-2.4033776
Lyme Green,53.2350589,-2.1245874
Monks Heath,53.2641695,-2.2346925
Moss Rose,53.2433533,-2.1302866
Newton,53.3251605,-2.1806215
Pownall Park,53.3331263,-2.2488503
Sandbach Heath,53.1436141,-2.3444586
Tytherington,53.2773293,-2.1290786
Upton Priory,53.2679205,-2.154463
Weston,53.2566605,-2.1568834
Wharton,53.197062,-2.5076471
Wilmslow Park,53.3294414,-2.2168947
Alsager,53.0960614,-2.3046307
Bollington,53.29348,-2.1107855
Congleton,53.1631463,-2.2110691
Crewe,53.0996153,-2.4414627
Knutsford,53.3078742,-2.3720507
Macclesfield,53.2606635,-2.1255158
Nantwich,53.0671376,-2.5221184
Poynton,53.3492505,-2.1174396
Rode Heath,53.1132969,-2.2853263
Sandbach,53.1443415,-2.363153
Scholar Green,53.1115716,-2.254173
Wilmslow,53.3261292,-2.2327511
Acton,53.0741801,-2.5502172
Adlington,53.3195057,-2.1309128
Alderley Edge,53.3058355,-2.2375778
Allgreave,53.2004031,-2.0424804
Allostock,53.2371923,-2.3835955
Alpraham,53.1309365,-2.6188105
Ashley,53.3547211,-2.3394158
Aston,53.0183848,-2.5814664
Audlem,52.9887191,-2.5083459
Barbridge,53.105182,-2.5753294
Basford,53.0654752,-2.4295409
Bosley,53.1917041,-2.1254803
Brindley,53.0758222,-2.6092918
Buerton,52.9879075,-2.4707627
Bulkeley,53.0860367,-2.7006679
Bunbury,53.116125,-2.6514911
Burland,53.0778831,-2.5756318
Burwardsley,53.105438,-2.7264642
Calveley,53.1253039,-2.6127369
Chelford,53.2723068,-2.2854206
Cholmondeston,53.1353118,-2.555817
Chorley,53.3084928,-2.261966
Church Lawton,53.0978135,-2.2772174
Church Minshull,53.1411671,-2.4995286
Clive,53.1899781,-2.4826687
Cranage,53.2140297,-2.3732624
Crewe Green,53.0945552,-2.409778
Dean Row,53.3298245,-2.2012949
Disley,53.35826,-2.0359287
Eaton,53.1659609,-2.6389284
Eaton,53.1874417,-2.1961122
Faddiley,53.0735943,-2.6111718
Gawsworth,53.2311829,-2.167964
Goostrey,53.2283201,-2.3372934
Hankelow,53.0045808,-2.4930222
Harthill,53.0922016,-2.7459369
Haslington,53.1010426,-2.3991367
Henbury,53.2603572,-2.17955
High Legh,53.3526392,-2.445659
Holmes Chapel,53.2001248,-2.3590653
Hough,53.0570255,-2.4280654
Kettleshulme,53.3140752,-2.0185948
Langley,53.2410522,-2.0906743
Marbury,53.0068826,-2.6553661
Marthall,53.2782633,-2.3024457
Mere,53.3301566,-2.4093404
Mobberley,53.3144291,-2.3304941
Mottram St Andrew,53.3034198,-2.190637
Nether Alderley,53.2848371,-2.238392
Oakgrove,53.2216725,-2.1253159
Oakhanger,53.0863004,-2.3543018
Ollerton,53.2869794,-2.3349966
Over Alderley,53.2874211,-2.1985256
Over Peover,53.2619055,-2.3235776
Over Tabley,53.3165059,-2.4154494
Prestbury,53.2893543,-2.1516493
Ravensmoor,53.05181,-2.5671843
Rostherne,53.3475818,-2.3866834
Shavington,53.0635213,-2.4480785
Siddington,53.2363785,-2.2396033
Snelson,53.2671987,-2.3010117
Sound,53.0294636,-2.5645353
Stapeley,53.0440688,-2.4831857
Styal,53.3488582,-2.2451855
Sutton Lane Ends,53.237109,-2.109041
Swettenham,53.2014095,-2.2989067
Thurlwood,53.1174413,-2.2937795
Timbersbrook,53.1612287,-2.157945
Weston,53.0667169,-2.4040487
Wettenhall,53.1474772,-2.5651652
Wheelock,53.1298398,-2.3745827
Wheelock Heath,53.1162359,-2.3771066
Willaston,53.0688603,-2.4788456
Wincle,53.1865914,-2.0624972
Winterley,53.1114552,-2.3796174
Wistaston,53.0800255,-2.4770537
Woodford Garden Village,53.3412412,-2.1587995
Worleston,53.1046372,-2.5118939
Wrenbury,53.0236436,-2.6035605
Wybunbury,53.0450848,-2.4500899
Chester,53.1908873,-2.8908955
Aldersey Green,53.1064598,-2.8061247
Alvanley,53.2617626,-2.7545733
Arley,53.323975,-2.4957233
Arley Green,53.3234871,-2.4790882
Aston,53.3004184,-2.6659713
Bartington,53.2826594,-2.6000394
Boots Green,53.2468128,-2.3651823
Bradley,53.2887975,-2.7029338
Bradley,53.0074066,-2.7306192
Bridge Trafford,53.2337411,-2.826498
Broken Cross,53.2544178,-2.4756155
Broxton,53.0841943,-2.7778963
Bruera,53.1396893,-2.842097
Burton,53.1692721,-2.7346676
Burton Point,53.2629777,-3.0444844
Caldecott,53.0567698,-2.8472709
Carden,53.0710444,-2.796606
Cassia Green,53.206393,-2.566033
Castletown,53.0529269,-2.8376068
Childer Thornton,53.2929328,-2.9526775
Chorlton,53.2418257,-2.8918077
Chowley Oak,53.1012834,-2.7820678
Clotton,53.1694333,-2.707418
Coddington,53.093255,-2.818239
Cotebrook,53.1853888,-2.6415339
Croughton,53.2466922,-2.8723027
Cuddington Heath,53.0158684,-2.7894107
Delamere,53.2124845,-2.6734464
Delamere Park,53.2442247,-2.6188251
Denhall,53.265473,-3.0475146
Duckington,53.0635499,-2.7616733
Dunkirk,53.2480195,-2.9323312
Dutton,53.3095024,-2.6437863
Ebnal,53.0327765,-2.7534206
Edge,53.047775,-2.7695311
Edge Green,53.0542309,-2.7671214
Elton Green,53.2677631,-2.8206208
Feldy,53.3079087,-2.4590146
Frandley,53.3092913,-2.5470467
Gatesheath,53.1362354,-2.7888801
Gorstella,53.1526453,-2.9623005
Greenlooms,53.1694266,-2.7852356
Hampton Green,53.0406547,-2.7232435
Hampton Heath,53.0394004,-2.7479835
Hampton Post,53.0424078,-2.7360808
Handley,53.114942,-2.7972693
Hapsford,53.2641719,-2.790562
Hargrave,53.1543181,-2.7690613
Hatchmere,53.2421234,-2.6668448
Hebden Green,53.1812873,-2.5567583
Hinderton,53.2949376,-3.0438829
Hoofield,53.1616971,-2.7272737
Hoole Village,53.2165123,-2.8526588
Hooton,53.2990505,-2.9616465
Huxley,53.1482561,-2.7310119
Ince,53.2828816,-2.8250708
Kidnal,53.0409426,-2.7832092
Kingswood Park,53.2550923,-2.7078142
Ledsham,53.2631871,-2.9641063
Little Barrow,53.2266593,-2.7966537
Little Stanney,53.2609705,-2.8821838
Long Green,53.2282948,-2.7812199
Lower Kinnerton,53.1520862,-2.9807883
Manley Common,53.2428172,-2.7182578
Marston,53.2740927,-2.4946362
Marton,53.2214756,-2.5837112
Mere Heath,53.2269297,-2.5072649
Milton Green,53.1218868,-2.8052118
Morley Bridge,53.2387168,-2.8114106
Newton,53.2708599,-2.7059619
Newton,53.1310109,-2.7453181
Newton Hall,53.0059888,-2.7930081
Newton-by-Tattenhall,53.1347125,-2.760947
Oakmere,53.2197474,-2.6405773
Oldcastle Heath,53.0049287,-2.7840891
Onston,53.2619383,-2.6138502
Overton Heath,53.0254337,-2.7775637
Pickerings Lock,53.2804316,-2.6380698
Picton,53.2366099,-2.8467669
Pinfold Hollows,53.2470946,-2.6037527
Pipers Ash,53.2026734,-2.8510029
Plemstall,53.2257449,-2.8149892
Poulton,53.1237063,-2.9045798
Rivacre Village,53.2906336,-2.9188016
Rowlinson's Green,53.3525068,-2.4915028
Rushton,53.1725578,-2.6235762
Shepherds Houses,53.2735782,-2.7233456
Simmonds Green,53.0373753,-2.775121
Stamford Bridge,53.201363,-2.7981684
Stamford Mill,53.195742,-2.7974362
Stanthorne,53.1880435,-2.4693876
Stretton,53.0704359,-2.8253867
Tarvin Sands,53.2027269,-2.7588582
The Wetreins,53.0662087,-2.8329637
Thornton Green,53.2557682,-2.835466
Two Mills,53.2547968,-2.9726747
Waterloo,53.2579324,-2.6943093
Wervin,53.2409306,-2.8677156
Whatcroft,53.2254158,-2.4780027
Willaston Mills,53.2985264,-3.010181
Wimbolds Trafford,53.246906,-2.8269781
Wincham,53.2716424,-2.4928871
Windle Hill,53.2917593,-3.0322198
Woodhouses,53.2790996,-2.7489136
Ashwood Park,53.2731235,-2.4927375
Barrowmore,53.2167771,-2.7866603
Brookfield,53.1682713,-2.7085558
Brookfield House,53.1631021,-2.7250494
Burton Point,53.2550256,-3.0464428
Catsclough Crossing,53.205377,-2.534638
Cromwell Cottage,53.15974,-2.6817938
Cross o' th' Hill,53.0234912,-2.749914
Cross o' th' Hill,53.0238739,-2.7400056
Dairy House Meadows,53.2778778,-2.5130288
Dairy House Meadows,53.2775383,-2.5086184
Dutton Locks,53.2878559,-2.6219334
Eaton Stud,53.1483222,-2.8748509
Ebnal Bank,53.0327875,-2.7545592
Gadbrook Business Centre,53.2459445,-2.4820266
Holt Castle,53.0781199,-2.8802247
Hoofield,53.1612711,-2.730001
Little Switzerland,53.1980941,-2.6958917
Moorcroft,53.1687302,-2.7052829
Neston Cross,53.289788,-3.0644768
Stanthorne Crossroads,53.1967858,-2.4695419
The Spinney,53.1651989,-2.7209857
Vale Royal Locks,53.2287811,-2.5402354
Valeroyal Cut,53.2221455,-2.532674
Wallerscote Island,53.2695932,-2.5394312
Blacon,53.208104,-2.9256955
Boughton Heath,53.1860606,-2.8604559
Brookvale,53.3185423,-2.6792692
Caldy Valley,53.1778343,-2.8637858
Cheshire Oaks,53.2630137,-2.8933318
Chester Business Park,53.1599346,-2.9028565
Clayhill,53.3003754,-3.0581868
Flaxmere,53.2458001,-2.6658853
Great Sutton,53.2647272,-2.9315685
Greenbank,53.252,-2.5332989
Handbridge,53.1830243,-2.8895093
Hoole,53.2010519,-2.8745367
Hough Green,53.1802188,-2.9053309
Kingsmead,53.2436546,-2.5188349
Lache,53.1730497,-2.9142183
Leftwich,53.2440496,-2.5065336
Little Neston,53.2829132,-3.0512176
Little Sutton,53.2826015,-2.9443583
Netherton,53.2890304,-2.7289399
Newton,53.2050785,-2.8799449
Newtown,53.196569,-2.8864584
Northgate Village,53.1997757,-2.8891695
Over,53.1866268,-2.5409566
Overpool,53.2876336,-2.9228061
Rudheath,53.2557924,-2.481038
Saltney,53.1789908,-2.9208778
Stanney Oaks,53.260177,-2.8961212
Upton,53.2116132,-2.8856715
Upton Heath,53.2219393,-2.8764887
Vicars Cross,53.196855,-2.8551186
Westminster Park,53.1713659,-2.9066252
Westwood Park,53.2582734,-2.9302185
Whitby,53.2735224,-2.9049797
Wolverham,53.2733983,-2.8925382
Ellesmere Port,53.2789347,-2.9022507
Frodsham,53.2963636,-2.7114845
Middlewich,53.1927371,-2.4453171
Neston,53.2905172,-3.063792
Northwich,53.2602539,-2.5145104
Winsford,53.1920711,-2.5313108
Acton Bridge,53.2777219,-2.61195
Aldford,53.1279368,-2.8704239
Anderton,53.2742336,-2.530332
Antrobus,53.3128256,-2.5363789
Ashton Hayes,53.2198907,-2.7405987
Backford,53.2412688,-2.901691
Barnton,53.2724821,-2.5458006
Barton,53.0825746,-2.8244475
Bickerton,53.0722037,-2.738005
Bostock Green,53.2194155,-2.4948328
Brown Heath,53.1800728,-2.8170724
Brown Knowl,53.0778751,-2.7540579
Burton,53.2585607,-3.0290805
Capenhurst,53.2566284,-2.9511736
Chorlton,53.0228124,-2.8120458
Christleton,53.1834346,-2.834302
Churton,53.1012001,-2.8701894
Clotton,53.1715277,-2.7108458
Clutton,53.0851904,-2.8017785
Comberbach,53.2921174,-2.5326787
Crewe by Farndon,53.0725909,-2.8634572
Crowton,53.2661614,-2.6327978
Cuddington,53.2391289,-2.6001287
Davenham,53.2368961,-2.510866
Dodleston,53.1430169,-2.9557902
Duddon,53.1776148,-2.72823
Dunham on the Hill,53.2489204,-2.792175
Eccleston,53.1563974,-2.8796957
Elton,53.2754849,-2.8121206
Farndon,53.0842541,-2.8757573
Great Barrow,53.2110738,-2.795316
Great Boughton,53.1897555,-2.8562511
Great Budworth,53.293483,-2.5051252
Guilden Sutton,53.2077799,-2.8298614
Hartford,53.2438398,-2.5476682
Helsby,53.2734406,-2.7598867
Higher Whitley,53.3162432,-2.5735492
Horton Green,53.0396646,-2.8156087
Huntington,53.1754796,-2.8656287
Kelsall,53.2081611,-2.7124586
Kingsley,53.2691082,-2.6743392
Lach Dennis,53.2426012,-2.4434226
Little Budworth,53.1843958,-2.601134
Little Leigh,53.2798418,-2.5753522
Littler,53.1959718,-2.5599348
Littleton,53.1951126,-2.836226
Lostock Gralam,53.2719652,-2.463638
Lostock Green,53.2579363,-2.459394
Lower Peover,53.2643504,-2.3887194
Lower Whitley,53.3069132,-2.5803297
Malpas,53.0200466,-2.7670901
Manley,53.2417484,-2.7344372
Meadowbank,53.2099201,-2.5242627
Mickle Trafford,53.2217842,-2.8324698
Mollington,53.2263462,-2.9214305
Moston,53.2263112,-2.8985512
Mouldsworth,53.2331538,-2.7394633
Moulton,53.2228077,-2.5176178
Ness,53.2780718,-3.0487173
No Mans Heath,53.0260544,-2.7258672
Norley,53.2484875,-2.6427094
Oscroft,53.197395,-2.7412395
Overton,53.2895891,-2.7189548
Parkgate,53.2971886,-3.0836187
Pickmere,53.2893888,-2.4624326
Plumley,53.2747872,-2.425684
Puddington,53.2529514,-3.009152
Pulford,53.1237913,-2.9340978
Queens Park,53.1882203,-2.8786594
Rowton,53.1712431,-2.8252625
Saighton,53.1521679,-2.8340367
Sandiway,53.2322449,-2.5953067
Saughall,53.222851,-2.9540627
Shocklach,53.0371437,-2.8387116
Shotwick,53.2402496,-2.995869
Stoak,53.252554,-2.8655758
Sutton Weaver,53.3103442,-2.685222
Swan Green,53.2569867,-2.3958024
Tarporley,53.1593697,-2.6683761
Tarvin,53.1977774,-2.7629524
Tattenhall,53.1186798,-2.7695031
Thornton le Moors,53.2654451,-2.8383665
Tilston,53.0558918,-2.808973
Upper Marston,53.287162,-2.4997877
Utkinton,53.1834604,-2.6811596
Waverton,53.1712483,-2.8147316
Weaverham,53.2624649,-2.5774807
Whitegate,53.2200825,-2.5562959
Willaston,53.2919922,-3.0012202
Willington,53.1958858,-2.7033926
Wincham,53.284955,-2.4716592
Winnington,53.2637221,-2.5317139
Lancaster,54.0484068,-2.7990345
Preston,53.7589938,-2.7051618
Abbeystead,53.9828203,-2.6695077
Aighton Bailey and Chaigley,53.8558414,-2.4997926
Alston,53.8116449,-2.6061849
Appley Moor,53.5917513,-2.7263721
Ashton with Stodday,54.0068177,-2.8206633
Astley Village,53.6616258,-2.6454694
Aughton,54.1003952,-2.6880466
Aughton Park,53.5523368,-2.8908091
Balladen,53.6886486,-2.29211
Bank Houses,53.9721836,-2.8679878
Bank Top,53.5630357,-2.7244662
Barnacre,53.9080136,-2.7417
Barrow,53.8406524,-2.4025937
Barrow Nook,53.5180935,-2.8382296
Barton,53.5723126,-2.9664505
Bashall Town,53.8742475,-2.4397437
Bay Horse,53.9701565,-2.7746075
Bazil,54.0056096,-2.8592535
Bellgate,54.221082,-2.5651191
Bescar,53.6131511,-2.9193832
Bilsborrow,53.8540144,-2.7447717
Birchenlee,53.8459262,-2.1689862
Blackleach,53.8063671,-2.7998138
Blaguegate,53.5520957,-2.8225635
Boarsgreave,53.6807561,-2.2449247
Bolton Croft,53.7919286,-2.8031167
Bonds,53.8964286,-2.7699953
Bottom of Hutton,53.7403284,-2.7885146
Botton Head,54.0522909,-2.5184563
Bowgreave,53.8912206,-2.7700677
Bowker's Green,53.5315806,-2.8987069
Bowland with Leagram,53.8968443,-2.5645073
Brock Mill,53.8827629,-2.6876676
Brown Edge,53.6234948,-2.9625361
Bryning,53.7619237,-2.9135446
Cabus,53.9321428,-2.7741776
Calder Vale,53.9059476,-2.7136994
Calderstones,53.8306933,-2.419153
Cantsfield,54.150526,-2.580551
Capernwray,54.1377804,-2.7130155
Catlow,53.8242481,-2.179899
Caton Green,54.0808074,-2.6893327
Chapel Hillock,53.6149194,-2.6541365
Chatterton,53.6628336,-2.3149128
Cheesden,53.6429887,-2.2644787
Claughton,54.0943598,-2.6642906
Clayton Le Dale,53.7904653,-2.5154677
Clieves Hills,53.5629333,-2.9286107
Clough,53.6961054,-2.2416217
Clow Bridge,53.7501358,-2.2684401
Cocker Bar,53.6933987,-2.7506852
Cocker Brook,53.7235805,-2.3909283
Conder Green,53.9977714,-2.8260759
Constable Lee,53.7099993,-2.2874952
Copp,53.8490914,-2.8793405
Coppull Moor,53.6090706,-2.6739335
Cow Ark,53.9036799,-2.4997341
Crossgill,54.0576887,-2.6825889
Crossmoor,53.8395374,-2.8650095
Cuddy Hill,53.8304341,-2.7720383
Cuerdale,53.7555535,-2.631158
Cuerden,53.7080958,-2.6648121
Cuerden Green,53.7171255,-2.6815857
Dalton Lees,53.5774757,-2.7680394
Dean,53.7276057,-2.2281393
Deeply Vale,53.6298079,-2.2710691
Dilworth,53.8298236,-2.5617553
Dinckley,53.8169145,-2.4744846
Dowbridge,53.7797977,-2.8533749
Duncombe,53.8508323,-2.7436701
Dunnockshaw,53.7449814,-2.2786306
Dutton,53.8313858,-2.5155717
Eagland Hill,53.900454,-2.868012
Easington,53.9512082,-2.4415613
Elswick Leys,53.8322444,-2.875909
Eskrigge,54.1175197,-2.6608538
Esprick,53.8209444,-2.8980845
Far Banks,53.6903657,-2.9115149
Farleton,54.0963019,-2.6531173
Fell Garth,54.2202999,-2.5668887
Fishwick Bottoms,53.7580472,-2.6675972
Fold Head,53.6556349,-2.1847238
Forest Holme,53.7238886,-2.2438552
Fulwood Row,53.7894062,-2.6645287
Gaulkthorn,53.7318287,-2.3782689
Goodshaw,53.7277671,-2.2908043
Goodshaw Fold,53.7354982,-2.2929009
Greenhalgh,53.8153606,-2.9118861
Grimshaw Green,53.6049568,-2.7704581
Grunsagill,53.983708,-2.3337481
Habergham Eaves,53.7689451,-2.2583834
Haighton,53.8052913,-2.6836462
Hale Nook,53.8908651,-2.9288508
Halton Green,54.0815662,-2.7420778
Hambleton Moss Side,53.8750526,-2.93821
Hampson Green,53.9815629,-2.7788959
Hareden,53.9498696,-2.5468657
Haslingden Grane,53.7046361,-2.3628085
Heaton,54.0357058,-2.8502608
Heaton's Bridge,53.5983124,-2.8979895
Height End,53.7037328,-2.3137056
Hesketh Lane,53.8667516,-2.5845734
Heskin Green,53.6321484,-2.708589
High Biggins,54.1984125,-2.6131695
High Casterton,54.2043916,-2.5772607
High Salter,54.0574873,-2.6025732
Higher Ballam,53.7638044,-2.9734147
Higher Bartle,53.7944427,-2.7565703
Higher Twiston,53.8904498,-2.2858145
Higher Wheelton,53.6961881,-2.5903225
Hillam,53.9700884,-2.8362431
Hilldale,53.6039793,-2.7646539
Hillhouse,53.549286,-2.990599
Hoghton Bottoms,53.7392578,-2.5666679
Holden,53.9403743,-2.3441069
Hole House,54.2185568,-2.5662088
Holmes,53.6662667,-2.8765547
Holmeswood,53.6444452,-2.861989
Holt Green,53.5373444,-2.914813
Hoscar,53.5983378,-2.8047537
Hothersall,53.8166326,-2.5731745
Hoyle Bottom,53.7330831,-2.3864537
Hundred End,53.6920476,-2.8816308
Hurlston Green,53.5954311,-2.9130443
Hurstwood,53.7792198,-2.1822354
Ightenhill,53.8044933,-2.2738631
Inglewhite,53.8538203,-2.6897773
Inskip Moss Side,53.8451213,-2.835046
Irwell Springs,53.7245369,-2.1919189
Jack Green,53.7262015,-2.6111773
Jackhouse,53.7309877,-2.3952025
Jackson's Banks,53.7890913,-2.5712811
Kearstwick,54.2130694,-2.6045164
Kellamergh,53.7569607,-2.9092614
Knowle Green,53.8380913,-2.5436446
Lane Bottom,53.8154736,-2.189927
Lane Head,53.8655786,-2.1265921
Lane Heads,53.8481793,-2.8535766
Langthwaite,54.216405,-2.565447
Larbreck,53.8589191,-2.8993153
Laund,53.8449564,-2.2338471
Laund,53.7113842,-2.2930726
Lee,53.9919669,-2.6612832
Lewth,53.8265743,-2.7799093
Limbrick,53.6414628,-2.6038065
Little Eccleston,53.8510582,-2.8911578
Little Hoole Moss Houses,53.706046,-2.7805579
Little Mitton,53.8405793,-2.4298222
Little Plumpton,53.7852432,-2.9477418
Little Singleton,53.8468549,-2.9508574
Littledale,54.0518322,-2.6613619
Low Biggins,54.1991743,-2.605329
Low Salter,54.0655473,-2.6083668
Lower Ballam,53.7711067,-2.9625032
Lower Bartle,53.7967211,-2.7642315
Lower Burrow,54.0087496,-2.8023875
Lower Thurnham,53.9884461,-2.825965
Lowgill,54.0782884,-2.5328109
Lumb,53.6702986,-2.3190627
Marsh Houses,53.9585851,-2.8290811
Marshaw,53.9756312,-2.6253004
Medlar,53.8143236,-2.8861996
Melishaw,54.0536702,-2.844176
Mereclough,53.7707997,-2.1928663
Middle Salter,54.0631547,-2.6062639
Middop,53.9020612,-2.2431508
Mill Houses,54.1033178,-2.5841053
Moor Side,53.8153733,-2.7667406
Moor Side,53.8015735,-2.8577819
Moss Side,53.7639753,-2.9456305
Much Hoole Moss Houses,53.6972954,-2.7838553
Much Hoole Town,53.6950126,-2.8028784
Myerscough,53.854047,-2.7669676
Myerscough Smithy,53.7794027,-2.5793021
Mythop,53.8072666,-2.9728977
Nab's Head,53.7581981,-2.574018
Nether Burrow,54.1702807,-2.5930534
Nether Wyresdale,53.9447874,-2.7438434
Nethertown,53.8249887,-2.4188929
New Hague,53.8881119,-2.1598154
New Lane,53.6105916,-2.8670296
Newchurch,53.8511471,-2.2717019
Newsham,53.8209845,-2.7423079
Newton,53.8234983,-2.9967505
Newton,54.1675282,-2.6191849
Nog Tow,53.7922785,-2.7521899
Norcross,53.8636644,-3.0137307
Nun Hills,53.6892079,-2.2285068
Oakenclough,53.9231824,-2.7052815
Old Glasson,53.9918594,-2.8507871
Old Langho,53.8187248,-2.4526493
Old Wennington,54.1389367,-2.5647683
Ollerton,53.7107448,-2.5788641
Out Rawcliffe,53.8677071,-2.9067433
Over Burrow,54.1781092,-2.5897651
Overtown,53.7658345,-2.19557
Overtown,54.1796064,-2.5708253
Oxcliffe Hill,54.0496328,-2.8418062
Painter Wood,53.8176763,-2.4115081
Peel,53.7761428,-2.9745898
Peel Hill,53.7882294,-2.9706449
Pilling Lane,53.9350124,-2.954415
Pinfold,53.5970158,-2.9241373
Pippin Street,53.7167258,-2.6214023
Preesall Moss Side,53.9125566,-2.9469138
Preesall Park,53.9078098,-2.9591188
Raikes,53.8724567,-2.9847561
Rake Head,53.6894022,-2.2379301
Ramsgreave,53.7782212,-2.4897744
Ratten Row,53.8668061,-2.869488
Reeds Holme,53.7155031,-2.2925232
Ribby,53.7795663,-2.9024967
Riley Green,53.7243396,-2.5756831
Roach Bridge,53.7542721,-2.6147085
Robin Hood,53.597581,-2.7267534
Roby Mill,53.5600759,-2.7299708
Roseacre,53.8247602,-2.8598091
Runshaw Moor,53.6703702,-2.7027291
Salwick,53.7816458,-2.8164837
Samlesbury Bottoms,53.7559241,-2.5794662
Scarth Hill,53.5531279,-2.8669473
Scronkey,53.9204505,-2.8983071
Sharneyford,53.71417,-2.1834081
Shaw Green,53.6624558,-2.7144533
Shefferlands,54.0787,-2.774253
Sherfin,53.7227004,-2.3211171
Shirdley Hill,53.6072444,-2.9667806
Silverdale Green,54.1683826,-2.8193656
Skippool,53.8565997,-2.9819577
Skitham,53.884237,-2.8733698
Sollom,53.6625887,-2.8261376
Southfield,53.8289671,-2.1815949
Sower Carr,53.8852175,-2.9482091
Stake Pool,53.9249121,-2.893236
Stalmine Moss Side,53.8981781,-2.9485785
Stanah,53.8776788,-2.9811284
Stanley Gate,53.5405114,-2.8429987
Staynall,53.8868707,-2.9732497
Stodday,54.021181,-2.8164463
Stone Fold,53.7294706,-2.3239125
Strongstry,53.6648613,-2.317359
Swarthdale,54.1136301,-2.7132884
Sykes,53.9584591,-2.5661641
Tarlscough,53.6207694,-2.8562838
Tarnbrook,53.9951205,-2.6300409
Tatham,54.1198613,-2.6047381
Tewitfield,54.1562001,-2.737114
Thistleton,53.8329749,-2.904311
Thorney Holme,53.8596604,-2.2554919
Thornley with Wheatley,53.8595026,-2.5492018
Thorpe Green,53.7087251,-2.6217228
Top O'Th' Lane,53.703087,-2.614497
Top of Ramsgreave,53.7744678,-2.5035073
Tottleworth,53.7757254,-2.4084018
Town Bent,53.7347776,-2.3973596
Trough Gate,53.6885791,-2.1749214
Turn,53.6588979,-2.2832981
Twiston,53.891628,-2.286375
Ulnes Walton,53.6634212,-2.7388704
Upper Thurnham,53.9838544,-2.8340546
Walker Fold,53.871615,-2.5000358
Warton Bank,53.740372,-2.8996753
Welch Whittle,53.6263676,-2.6806879
Westby,53.7783199,-2.9367733
Westhead,53.5626756,-2.848024
Whalley Banks,53.8122337,-2.4050806
Wharles,53.8168446,-2.8423186
Whin Lane End,53.8668958,-2.9291333
White Coppice,53.6669034,-2.5859794
White Lund,54.0570054,-2.8559371
Whitechapel,53.8662261,-2.6712365
Whitendale,53.9895306,-2.5201184
Whitestake,53.7232936,-2.7319857
Whitewell,53.9164488,-2.5192071
Whitewell Bottom,53.7079574,-2.2494907
Whittingham,53.8240485,-2.6549459
Willacy Lane End,53.8121217,-2.8040847
Withnell Fold,53.7024289,-2.589053
Woodsfold,53.8234713,-2.8026897
Wrayton,54.1448476,-2.5951928
Wycoller,53.8502178,-2.1055433
Wymott,53.6809815,-2.7462191
Yealand Storrs,54.1767106,-2.774568
York,53.7975688,-2.4430653
Altham Nook,53.7837575,-2.3412611
Anna Lane Head,53.9619175,-2.3658369
Arnside Park,54.1849033,-2.8564753
Arnside Point,54.1848531,-2.8640284
Barclay Hills,53.784689,-2.2720286
Blackstone Point,54.1909048,-2.8641142
Bleadale Ridge,53.9449603,-2.6089742
Bleasdale Mors,53.9329316,-2.6531313
Botany Bay,53.6619995,-2.6158572
Bradford Fell,53.9279513,-2.4195648
Brookside,53.7394299,-2.4187046
Burnley Ridge,53.7932616,-2.2199671
Catshaw Fell,53.9529751,-2.6893411
Cold Coats,53.8414818,-2.3725426
Cowling,53.6446785,-2.6136256
Crook of Lune,54.0745667,-2.7325948
Cross O'Greet,54.0423624,-2.4863713
Crown Point,53.7559175,-2.232836
Downham Moor,53.8755821,-2.3106469
Downholland Moss,53.5661656,-3.0046992
DunnyShop,53.7444646,-2.375757
Edgerton Moss,53.6959465,-2.3934938
Elmridge,53.8592868,-2.6210071
Fellside Fell,53.9573564,-2.6637636
Fern Gore,53.7417453,-2.3726189
Fooden,53.9364151,-2.3057768
Foxhill Bank,53.748349,-2.3982281
Gray's Seat,54.0730201,-2.7370698
Great Harlow,54.0460028,-2.4600668
Grizedale Fell,53.9461435,-2.6916586
Groit Wood,53.7977646,-2.2192336
Hailshowers Fell,54.042979,-2.458436
Hayshaw Fell,53.9515104,-2.6982246
High Wood,54.0500743,-2.7689351
Horseshoe Corner,54.0487721,-2.7998678
Jenny Brown's Point,54.1540867,-2.8281137
Lister Well,53.8932187,-2.2006339
Littledale,54.0477386,-2.6812227
Long Ing,53.9156264,-2.1788203
Lytham Moss,53.7685958,-2.9988735
Marl Hill Moor,53.9170042,-2.4759353
Moreton Hall Farm,53.805794,-2.3938539
Musbury  Park  Moor,53.6818889,-2.3525305
New Barns,54.1931395,-2.8573336
North Holme,53.9107012,-2.1528794
Park Head,53.809211,-2.38517
Parker Place Farm,53.8384753,-2.3754512
Parsley Barn,53.8397984,-2.3484354
Pendle Moor,53.8650305,-2.3257531
Portfield Bar,53.8106173,-2.3864682
Red Hills,54.1924616,-2.8358759
Ridge Wood,53.7957886,-2.220144
Rip Row,53.694278,-2.6324451
Roeburndale,54.059065,-2.6097843
Salter Hill,53.9028016,-2.5766165
Scout Moor Bottom,53.6717691,-2.28291
Scrogg's Wood,53.7979864,-2.2146023
Spring House Barn,53.8471504,-2.3787657
Stake Moss,53.7157484,-2.1871734
Stang Top Moor,53.8666488,-2.2569378
Stipenden Moor,53.7567073,-2.1390505
Straights Head,54.1172309,-2.6720362
Tarlscough Moss,53.6293351,-2.8607057
The Rough,53.8389882,-2.3567634
Town Head,53.9136175,-2.1936464
Walton Summit,53.7195922,-2.645643
Wapping,53.9146728,-2.1925895
Water Meetings,53.8650141,-2.2184258
Whit Moor,54.0758169,-2.6286177
Wilkin Heys,53.8362278,-2.3539184
Wiswell Eaves Farm,53.835551,-2.3757736
Wiswell Eaves House,53.8375098,-2.3764441
Worsthorne Moor,53.7690722,-2.1491616
Worston Moor,53.8741906,-2.3255814
Wymondhouses Farm,53.8444637,-2.3594228
Acre,53.7199924,-2.3248734
Ansdell,53.7437217,-2.9908719
Ashton-on-Ribble,53.7685765,-2.7393495
Avenham,53.7557535,-2.6933144
Ball Grove,53.8579878,-2.1404455
Bare,54.0775133,-2.8360503
Bent Gate,53.6953316,-2.318253
Blowick,53.6398068,-2.9671345
Bowerham,54.0378953,-2.7913711
Bradley,53.8399936,-2.208961
Broad Clough,53.7111744,-2.2015252
Brownside,53.7895709,-2.2001047
Brunshaw,53.7859308,-2.2160004
Burn Naze,53.8857784,-3.0112662
Burnley Wood,53.7825432,-2.2359655
Burscough Bridge,53.6018984,-2.8453575
Chorley Moor,53.6443075,-2.6316022
Churchtown,53.658104,-2.9604137
Clough Fold,53.6992896,-2.2704013
Colne Edge,53.8665888,-2.1794339
Cottam,53.7876892,-2.7580355
Cotton Tree,53.8568212,-2.1530566
Cowling,53.6470991,-2.6155547
Crossens,53.6743009,-2.9492385
Deepdale,53.7714611,-2.6908687
Dill Hall,53.7622834,-2.3852969
Edgeside,53.6996999,-2.2453133
Enfield,53.7694661,-2.3762175
Facit,53.6697828,-2.168757
Fairhaven,53.7399724,-3.0074155
Farington,53.7045324,-2.6831712
Fishwick,53.7618422,-2.6713224
Flax Moss,53.694715,-2.3298913
Four Lane Ends,53.8540426,-3.0047646
Frenchwood,53.7537778,-2.6868765
Fulledge,53.7847912,-2.2261463
Fulwood,53.7908629,-2.7136521
Great Wood,54.0711363,-2.8432983
Greave,53.7051218,-2.1896657
Greaves,54.0397322,-2.7971149
Habergham,53.79501,-2.2954594
Hala,54.0263794,-2.7881128
Hareholme,53.6971709,-2.2657121
Harle Syke,53.8116715,-2.2039784
Haverbreaks,54.0370104,-2.8064705
Heyroyd,53.8619843,-2.1444606
High Compley,53.8408422,-2.9986828
High Park,53.6523075,-2.9621563
Higher Penwortham,53.7497876,-2.7291636
Higherford,53.8570126,-2.2115865
Hillock Vale,53.7610717,-2.3514494
Holme,53.6954087,-2.3116246
Holmes,53.881249,-3.0075361
Hud Hey,53.7178085,-2.3337838
Huttocks Top,53.6990093,-2.205996
Ingol,53.7808741,-2.7416647
Knotts,53.8512656,-2.1779144
Knuzden,53.7464538,-2.4357721
Lane Side,53.7007739,-2.323432
Lea,53.7650486,-2.770959
Lidgett,53.8594863,-2.1516318
Little Marsden,53.830548,-2.2192336
Little Marton,53.8020115,-2.9890434
Little Moor End,53.7381297,-2.3986259
Little Poulton,53.848099,-2.979677
Lower Penwortham,53.7463386,-2.7136402
Lowerford,53.8476813,-2.2226392
Lytham,53.7368257,-2.9631857
Marsden Height,53.822336,-2.2082576
Marsh,54.0504659,-2.8149575
Millgate,53.6733197,-2.1685549
Millhead,54.1354593,-2.7704848
Milnshaw,53.7588906,-2.3722103
Moorlands,54.0451815,-2.7928985
Moss Side,53.6923961,-2.7303713
Moss Side,53.562661,-3.0438297
Oakenshaw,53.7790931,-2.3818102
Oldfield Carr,53.8391835,-2.9842384
Plungington,53.770167,-2.7115261
Reedley,53.8174441,-2.2355025
Ribbleton,53.7730601,-2.6676442
Rockliffe,53.69582,-2.1980373
Rose Grove,53.7886418,-2.2767271
Rose Hill,53.7774468,-2.2512558
Rossall,53.8975785,-3.0392003
Scaitcliffe,53.7464571,-2.3788674
Scale Hall,54.0562521,-2.8210666
Scotforth,54.031399,-2.7955641
St Annes,53.7559903,-3.0228594
Townsend Fold,53.6930032,-2.2974272
Trunnah,53.8784515,-3.0032066
Vale,54.0604605,-2.8043933
West End,53.7520249,-2.4111424
White Walls,53.8486582,-2.1914846
Wood Top,53.696166,-2.2900014
Woodnook,53.7432273,-2.3715567
Accrington,53.7541156,-2.3655434
Bacup,53.7024932,-2.201046
Barnoldswick,53.9170798,-2.187322
Brierfield,53.8252949,-2.2330174
Burnley,53.7907262,-2.2439196
Carnforth,54.1282092,-2.7701207
Chorley,53.6531915,-2.6294313
Clayton-le-Moors,53.7734032,-2.3892947
Clitheroe,53.8717465,-2.3926783
Colne,53.8567728,-2.1691238
Earby,53.9160366,-2.1426716
Fleetwood,53.9246318,-3.0076372
Garstang,53.9015756,-2.7734763
Great Harwood,53.7867282,-2.4067502
Haslingden,53.7055652,-2.3259359
Heysham,54.0494955,-2.890311
Kirkby Lonsdale,54.2018452,-2.5967366
Kirkham,53.7827278,-2.8714885
Leyland,53.6904813,-2.6991336
Longridge,53.8299124,-2.6033483
Lytham St Annes,53.7485046,-2.9990745
Morecambe,54.0681534,-2.8747898
Nelson,53.8363428,-2.2116469
Ormskirk,53.5673603,-2.8859603
Oswaldtwistle,53.7407791,-2.3985152
Padiham,53.7980615,-2.3107384
Penwortham,53.7498033,-2.7301703
Poulton-le-Fylde,53.8461465,-2.9904844
Rawtenstall,53.7012824,-2.2862723
Rishton,53.7676749,-2.4178321
Skelmersdale,53.5524745,-2.7845229
Thornton,53.8759203,-3.0121987
Whitworth,53.6644268,-2.1734056
Abbey Village,53.6999846,-2.5439474
Adlington,53.6162952,-2.6000481
Aldcliffe,54.035521,-2.8180096
Altham,53.7924398,-2.3530292
Arkholme,54.1425306,-2.6395977
Aughton,53.5427295,-2.9195852
Bailrigg,54.0171572,-2.7876979
Balderstone,53.7865532,-2.5585316
Bamber Bridge,53.7291055,-2.6607002
Banks,53.6814154,-2.9245168
Barley,53.8585241,-2.272347
Barrowford,53.8509322,-2.2170285
Barton,53.8318027,-2.7361208
Bashall Eaves,53.885438,-2.4648502
Baxenden,53.7311017,-2.3435328
Becconsall,53.6979048,-2.8380819
Bickerstaffe,53.5312876,-2.8380813
Billington,53.8164475,-2.421282
Bispham Green,53.615195,-2.7717791
Blacko,53.8687661,-2.2162679
Bleasdale,53.9008423,-2.6522623
Bolton by Bowland,53.9395001,-2.3279784
Bolton le Sands,54.1080009,-2.7912889
Borwick,54.1519179,-2.7276211
Bracewell,53.9320999,-2.210793
Bretherton,53.6780647,-2.7999158
Brindle,53.7134669,-2.6093277
Brinscall,53.6897668,-2.5627262
Britannia,53.6924375,-2.182647
Broadfield,53.738776,-2.3847314
Brockhall Village,53.8241139,-2.4564427
Brookhouse,54.0748999,-2.703305
Broughton,53.8100187,-2.7238423
Buckshaw Village,53.6821336,-2.6618266
Burscough,53.5933829,-2.8500883
Carleton,53.8508079,-3.0101404
Casterton,54.2112618,-2.5763041
Catforth,53.8156004,-2.7935321
Caton,54.0746926,-2.7189779
Catterall,53.877117,-2.7638138
Charnock Richard,53.6368776,-2.6785076
Chatburn,53.8919482,-2.3543148
Chipping,53.8849416,-2.5758971
Church,53.7550305,-2.3885217
Churchtown,53.8810241,-2.7898489
Claughton,53.8725886,-2.7167196
Clayton Brook,53.7129053,-2.636852
Clayton Green,53.7057045,-2.6432229
Clayton-le-Woods,53.6961733,-2.6723901
Clifton,53.766259,-2.8119803
Cockerham,53.9626884,-2.8176994
Coppull,53.6217928,-2.6617438
Copster Green,53.8012169,-2.4930413
Coupe Green,53.7416636,-2.619361
Cowan Bridge,54.1814369,-2.5604777
Crawshawbooth,53.7239847,-2.2860309
Croston,53.6622236,-2.7750364
Dalton,53.5673573,-2.763577
Dolphinholme,53.9762555,-2.7355952
Downham,53.8942434,-2.3295179
Downholland,53.5506718,-2.96404
Downholland Cross,53.5546604,-2.9594215
Dunsop Bridge,53.9450729,-2.5180855
Eaves,53.8301937,-2.7513432
Eccleston,53.6436074,-2.7241085
Edenfield,53.6688178,-2.3066147
Ellel,53.9978592,-2.785093
Elswick,53.8391393,-2.8784448
Euxton,53.6656765,-2.676212
Farington Moss,53.7190415,-2.70111
Fence,53.8305869,-2.2680679
Forton,53.9556374,-2.7835002
Foulridge,53.8762598,-2.1675795
Freckleton,53.7540406,-2.8718952
Galgate,53.9945538,-2.7872057
Gisburn,53.9345098,-2.262089
Glasson Dock,53.9990449,-2.8510138
Goosnargh,53.8268048,-2.6731903
Great Altcar,53.549324,-3.0190307
Great Eccleston,53.8543159,-2.8716959
Great Mitton,53.8474461,-2.4341919
Great Plumpton,53.7932948,-2.9400207
Gregson Lane,53.7340759,-2.620167
Gressingham,54.1241552,-2.656987
Grimsargh,53.8044214,-2.6310588
Grindleton,53.9060835,-2.369277
Gutteridge,53.9408154,-2.2267268
Haggate,53.813409,-2.1947198
Halsall,53.5846399,-2.9534231
Halton,54.0775477,-2.7617371
Hambleton,53.8750526,-2.9545204
Hapton,53.785106,-2.3114071
Hardhorn,53.8308987,-2.9834852
Haskayne,53.5632849,-2.9686693
Heapey,53.6795675,-2.6183034
Heath Charnock,53.6248734,-2.6079559
Helmshore,53.6887802,-2.3285811
Hesketh Bank,53.7085379,-2.8469682
Hest Bank,54.0890318,-2.8085482
Higham,53.8251246,-2.2943857
Higher Walton,53.7430925,-2.6433094
Hoghton,53.7367589,-2.5965017
Holme Chapel,53.7550106,-2.1933322
Hornby,54.1113256,-2.6356844
Horton,53.9466401,-2.2207444
Hugh Mill,53.6895965,-2.252308
Huncoat,53.7727948,-2.3443013
Hurst Green,53.8381391,-2.4788543
Hutton,53.7323862,-2.7680777
Hutton Roof,54.1980421,-2.6606426
Inskip,53.8353691,-2.8226447
Kelbrook,53.8980448,-2.1497719
Knott End,53.9282116,-2.9940403
Laneshaw Bridge,53.8624892,-2.1184003
Langho,53.8026167,-2.4478233
Lathom,53.5922118,-2.8219204
Lea Town,53.7730282,-2.7947687
Leck,54.1837808,-2.5506493
Little Thornton,53.8665286,-2.9834905
Longton,53.7267651,-2.7818758
Lostock Hall,53.7258869,-2.6924244
Love Clough,53.7410016,-2.2906296
Low Bentham,54.1210686,-2.5360419
Lumb,53.7180608,-2.2491021
Mawdesley,53.6269743,-2.7669353
Melling,54.1350198,-2.6160336
Mellor,53.7739725,-2.5278117
Mellor Brook,53.7755289,-2.5468214
Mere Brow,53.662422,-2.8805237
Middleton,54.0215199,-2.8802669
Midge Hall,53.7012268,-2.7409899
Much Hoole,53.6993016,-2.8066768
Nateby,53.8974576,-2.8177495
Nether Kellet,54.1058585,-2.7595252
New Longton,53.7225182,-2.7446251
Newburgh,53.5873148,-2.7841471
Newchurch,53.6979874,-2.2543617
Newsholme,53.958159,-2.2451243
Newton,53.9492563,-2.4632238
Newton-with-Scales,53.771082,-2.8375755
Osbaldeston,53.7829336,-2.5379808
Over Kellet,54.1238277,-2.7357593
Overton,54.0147381,-2.8615047
Parbold,53.593266,-2.7686442
Paythorne,53.9613359,-2.2605323
Pendleton,53.8531087,-2.3711797
Pilling,53.9298051,-2.9071468
Portsmouth,53.7341986,-2.1558242
Preesall,53.9183501,-2.9655702
Priest Hutton,54.157446,-2.7194127
Quernmore,54.025834,-2.7365897
Read,53.8089635,-2.3562028
Ribchester,53.8121041,-2.536348
Rimington,53.907764,-2.2970221
Rising Bridge,53.7276576,-2.3351411
Rivington,53.6238903,-2.5634512
Roughlee,53.8581695,-2.2401709
Rufford,53.6331984,-2.8168969
Sabden,53.8336758,-2.3394531
Sagar Holme,53.7111633,-2.2500736
Salesbury,53.7903995,-2.4857295
Salterforth,53.9053347,-2.1714623
Samlesbury,53.7683187,-2.6220879
Sawley,53.9142859,-2.3413647
Scarisbrick,53.6135833,-2.9372473
Scorton,53.9325293,-2.7595152
Shawforth,53.6803936,-2.1674433
Shuttleworth,53.6540194,-2.3021444
Silverdale,54.1679619,-2.8286309
Simonstone,53.8042553,-2.345883
Simonswood,53.5062031,-2.8753522
Singleton,53.8370494,-2.9422378
Slaidburn,53.9675182,-2.4382632
Slyne,54.0861737,-2.8006597
Sough,53.9064731,-2.1499183
St Michael's on Wyre,53.8661934,-2.8192415
Stacksteads,53.6927052,-2.2258838
Staining,53.8176589,-2.9925936
Stalmine,53.901804,-2.9535335
Stanhill,53.7458402,-2.4180695
Stubbins,53.6594147,-2.3207965
Tarleton,53.6794625,-2.8301134
The Old Forge,53.8863678,-2.4654655
Torrisholme,54.0684155,-2.8329415
Tosside,53.9997083,-2.3541543
Town Green,53.5443028,-2.9049292
Trawden,53.8435667,-2.1361004
Treales,53.790285,-2.8494587
Tunstall,54.1549794,-2.6006617
Upholland,53.5443583,-2.7233061
Waddington,53.8896047,-2.4103712
Walk Mill,53.7654502,-2.2045169
Walmer Bridge,53.7122495,-2.7893424
Walton-le-Dale,53.7478395,-2.6720358
Warton,53.7498129,-2.8908401
Warton,54.145594,-2.7672813
Water,53.7271926,-2.2413303
Waterfoot,53.6928993,-2.2524627
Weeton,53.8061151,-2.9337366
Weir,53.7247402,-2.196938
Wennington,54.1259326,-2.5848195
Wesham,53.7893432,-2.8857422
West Bradford,53.8972598,-2.3927459
Whalley,53.8215412,-2.4059596
Wheatley Lane,53.8387671,-2.2524959
Wheelton,53.6885343,-2.6053515
Whittington,54.1788509,-2.6117152
Whittle le Woods,53.6892898,-2.6390093
Wilpshire,53.7852078,-2.4760144
Winewall,53.8538203,-2.1378369
Winmarleigh,53.9229505,-2.8083982
Wiswell,53.8324942,-2.3881635
Withnell,53.6959122,-2.5593046
Woodplumpton,53.8080731,-2.7588255
Worsthorne,53.7880986,-2.1899894
Worston,53.8803585,-2.353494
Wray,54.1026629,-2.6119201
Wrea Green,53.7754991,-2.916086
Wrightington,53.6158555,-2.7058369
Yealand Conyers,54.1640158,-2.759141
Yealand Redmayne,54.1726947,-2.7600811
Manchester,53.4791301,-2.2441009
Bowlee,53.5527307,-2.2371319
Albert Park,53.423902,-2.2407979
Capital Quay,53.4709348,-2.2833991
Crumpsall Green,53.5223926,-2.2386746
Ducie Street Junction,53.4801203,-2.2304243
Gay Village,53.4771634,-2.237091
Lower Crumpsall,53.5150554,-2.224146
Manchester Fort Shopping Park,53.498075,-2.2348048
Northern Quarter,53.4841022,-2.2351542
Piccadilly,53.4797939,-2.2252035
Radclyffe Park,53.4736535,-2.2807999
Shambles Square,53.4845573,-2.2440312
Sharston,53.3932142,-2.2518752
The Cliff,53.5042441,-2.2682909
Benchill,53.389687,-2.2643909
Beswick,53.4811374,-2.2087677
Blackley,53.5242138,-2.2281266
Boothroyden,53.5395069,-2.225619
Broughton Park,53.5143131,-2.2593053
Burnage,53.4356052,-2.2059549
Cheetham Hill,53.5032866,-2.2344764
Collyhurst,53.496005,-2.2199331
Crumpsall,53.5209118,-2.2416946
Didsbury,53.4168134,-2.2321381
Fallowfield,53.4429029,-2.2179271
Harpurhey,53.5119068,-2.2084489
Heaton Mersey,53.4136416,-2.1990449
Higher Blackley,53.5309522,-2.2306831
Higher Broughton,53.5081154,-2.264094
Hulme,53.4661806,-2.2492767
Longsight,53.4570594,-2.2053626
Moston,53.5091148,-2.1881113
New Moston,53.5172955,-2.1680591
Newton Heath,53.5002551,-2.1852056
Northenden,53.4061914,-2.2588813
Pendleton,53.4892329,-2.2841576
Rhodes,53.5446859,-2.2269259
Rusholme,53.4552623,-2.2250024
Salford Quays,53.4726736,-2.2926886
Strangeways,53.4949927,-2.2461043
Victoria Park,53.4570026,-2.217188
West Didsbury,53.4272197,-2.2420883
Wharfside,53.4662134,-2.296379
Withington,53.4335822,-2.2293082
Woodhouse Park,53.3721962,-2.2623683
Newall Green,53.3857906,-2.2830824
Salford,53.4877463,-2.2891921
Castleshaw,53.58176,-1.9947496
Dale,53.5693747,-2.0180321
Grasscroft,53.5377921,-2.0343768
Harrop Dale,53.5684605,-1.9974023
Linfitts,53.5715497,-2.0325991
Low Crompton,53.5767753,-2.1161309
Saddleworth,53.5534716,-1.9874372
Summit,53.5830143,-2.1378622
Thorp,53.5697578,-2.1346995
Broad Stones,53.5580051,-1.9730771
Broadstone Moss,53.5605358,-1.9688245
Diggle Edge,53.5739701,-1.9823045
Dove Stone Moss,53.5259738,-1.9548082
Featherbed  Moss,53.5567165,-1.93636
Friezland,53.5352278,-2.023361
Grains Bar,53.5736087,-2.0597241
Higher Knoll,53.5747215,-1.9722603
Lower Knoll,53.5757151,-1.976554
Lydgate,53.5379141,-2.0407872
Middle Edge Moss,53.5407217,-1.9291669
Ravenstone Brow,53.5679076,-1.9694999
Ravenstone Rocks,53.565818,-1.970841
Salem,53.5383853,-2.0817467
Scouthead,53.5497398,-2.0435273
Sholver Green,53.5653785,-2.0807237
Waterhead,53.5503294,-2.0720779
Wicken Clough Moss,53.5627655,-1.9670199
Alt,53.5242558,-2.0837507
Austerlands,53.5453282,-2.0612179
Busk,53.5478974,-2.1325999
Butler Green,53.5317703,-2.1439832
Clough,53.576963,-2.0805693
Copster Hill,53.5247067,-2.1193038
Cowlishaw,53.5719141,-2.1056691
Crompton Fold,53.5856693,-2.0773983
Garden Suburb,53.521672,-2.1201114
Glodwick,53.5337434,-2.0931822
Grotton,53.5362153,-2.0512003
Haggate,53.5638835,-2.1349058
Hathershaw,53.5243787,-2.1085566
Haugh,53.5997966,-2.0903409
Hey,53.540534,-2.0707988
Heyside,53.5629282,-2.1024204
Higginshaw,53.5511683,-2.117935
High Crompton,53.5820059,-2.1097473
Holden Fold,53.5583649,-2.1336827
Hollinwood,53.5182362,-2.1418375
Holt Lane End,53.507926,-2.1482827
Jubilee,53.5943845,-2.0902551
Lime Gate,53.5181769,-2.1341263
Lime Side,53.51697,-2.1270425
Moorside,53.5652927,-2.0689074
Nimble Nook,53.5333801,-2.1472877
Oldham Edge,53.5497049,-2.1100587
Oozewood,53.5731304,-2.1343726
Royley,53.5617679,-2.1313653
Shaw Edge,53.5663152,-2.1036646
Shaw Side,53.5702552,-2.0980658
Sholver,53.5632047,-2.0830663
Spring Hill,53.5495185,-2.084148
Springhead,53.5363422,-2.0589322
Tandle Hill Country Park,53.5751191,-2.1452592
The Coppice,53.5319027,-2.122703
Watersheddings,53.5529603,-2.0815191
Werneth,53.5356411,-2.1297401
Wood End,53.5859458,-2.0934346
Chadderton,53.5500517,-2.1463508
Failsworth,53.5149749,-2.1500325
Lees,53.5382578,-2.0733461
Oldham,53.5415797,-2.1147831
Royton,53.5652485,-2.1236085
Shaw,53.5818981,-2.1039554
Bardsley,53.515772,-2.103363
Delph,53.5683549,-2.026164
Denshaw,53.5919039,-2.038986
Diggle,53.5685864,-1.9935635
Dobcross,53.5565036,-2.0163446
Greenfield,53.5317097,-2.0114974
Luzley Brook,53.5656918,-2.1095119
New Delph,53.5648133,-2.0175833
Newhey,53.6018466,-2.1003402
Thornham,53.5824981,-2.1323452
Uppermill,53.5475135,-2.0066494
Woodhouses,53.5045046,-2.1395836
Birch,53.5665707,-2.224001
Birtle,53.6152935,-2.2541585
Buckley,53.6335037,-2.1448068
Buersil Head,53.5890226,-2.1422421
Burnedge,53.5896093,-2.124332
Chadderton Heights,53.5630524,-2.1517222
Healey Stones,53.6393071,-2.1621175
Higher Ogden,53.6041248,-2.0747717
Lydgate,53.6456353,-2.0734443
Rakewood,53.6235481,-2.0849326
Slattocks,53.5732062,-2.1748256
Stake Hill,53.5696634,-2.1689239
Thornham Fold,53.5788671,-2.1563532
Top of Hebers,53.5627566,-2.2037522
Bleakedgate Moor,53.6173654,-2.0391494
Bagslate Moor,53.6180425,-2.2053933
Balderstone,53.5956662,-2.1412588
Bamford,53.6160495,-2.2098697
Belfield,53.6201588,-2.1289111
Broadfield,53.5869619,-2.2323292
Broadhalgh,53.6159095,-2.1959866
Buersil,53.5978883,-2.142085
Caldermoor,53.6462054,-2.1051563
Captain Fold,53.5984876,-2.2055608
Chadderton Fold,53.5570138,-2.1600971
Clough,53.6537346,-2.1019377
Cutgate,53.6233891,-2.1887703
Dearnley,53.6383186,-2.1129669
Deeplish,53.6072446,-2.1520802
Fairfield,53.5982902,-2.2680907
Firgrove,53.6164266,-2.1263936
Great Howarth,53.6387938,-2.1380306
Greengate,53.6349772,-2.1246196
Hooley Bridge,53.6030715,-2.2228986
Hooley Brow,53.5980078,-2.2225062
Hopwood,53.5876115,-2.2065478
Hurstead,53.6376475,-2.1260842
Jericho,53.60106,-2.262239
Kirkholt,53.5965251,-2.1541693
Lady House,53.6024341,-2.1155955
Lane End,53.5815737,-2.2021276
Lower Place,53.603867,-2.1421845
Marland,53.6050124,-2.1876396
Mills Hill,53.5502077,-2.1731272
Newbold Brow,53.6206782,-2.1363886
Shawclough,53.6277436,-2.170576
Shawfield,53.6308488,-2.2028812
Shore,53.6482808,-2.1139647
Siddal Moor,53.5804671,-2.2151589
Smallbridge,53.6327796,-2.1329248
Spotland Bridge,53.6208909,-2.1752997
Stanycliffe,53.5603264,-2.1806479
Sudden,53.602224,-2.175001
Syke,53.6382786,-2.1539629
Trub,53.5844161,-2.174421
Wardleworth,53.6211615,-2.1446492
Wood Side,53.555012,-2.205073
Heywood,53.5967685,-2.2239715
Littleborough,53.6410537,-2.0914019
Middleton,53.5484755,-2.1972661
Milnrow,53.6082511,-2.1099476
Rochdale,53.6153659,-2.1557561
Broadley,53.6435088,-2.1784557
Calderbrook,53.6618407,-2.0883146
Castleton,53.5944448,-2.1785118
Heald Green,53.5592506,-2.156356
Healey,53.6480558,-2.1780541
Heap Bridge,53.5891574,-2.2596753
Middleton Junction,53.5407739,-2.1675095
Norden,53.6259257,-2.2144188
Smithy Bridge,53.6314558,-2.1087976
Summit,53.6595273,-2.0805674
Wardle,53.6489559,-2.129496
Barton Moss,53.4757167,-2.4032822
Greenheys,53.5372632,-2.4370974
Linnyshaw,53.5239592,-2.3767238
Parr Bridge,53.5111999,-2.4347129
Whittle Brook,53.5247196,-2.3830963
Astra Business Park,53.4745437,-2.3347104
Broadoak Business Park,53.4719801,-2.3366726
Guinness Road Trading Estate,53.4762303,-2.3331474
Irlam Moss,53.4574058,-2.4374917
MediaCityUK,53.4713198,-2.299083
Parkway Four Industrial Estate,53.4690331,-2.3272717
Parkway Industrial Estate,53.4675283,-2.3300326
Royce Trading Estate,53.4707042,-2.3404353
Trafford Point,53.4744611,-2.3438913
Westpoint Enterprise Park,53.4703506,-2.3353446
Barton upon Irwell,53.4786231,-2.3501932
Cadishead,53.4271003,-2.4355054
Dumplington,53.4704106,-2.3544842
Ellesmere Park,53.4917297,-2.3422419
Higher Irlam,53.4518688,-2.4166268
Lower Irlam,53.4382659,-2.4319515
Monton,53.4915237,-2.3513694
Moor Side,53.452127,-2.3940702
Moorside,53.5064092,-2.3533388
Newtown,53.5205915,-2.3410644
Patricroft,53.4828343,-2.3606702
Peel Green,53.476922,-2.3762488
Trafford Park,53.4717516,-2.3209276
Wardley,53.5191654,-2.3557756
Winton,53.4867878,-2.3674795
Eccles,53.4840887,-2.3375175
Irlam,53.4488075,-2.4223799
Pendlebury,53.5161631,-2.3307066
Swinton,53.5095363,-2.3417975
Walkden,53.5242276,-2.3984426
Boothstown,53.5004803,-2.4310612
Clifton,53.5247947,-2.3364109
Ellenbrook,53.5121189,-2.410655
Little Hulton,53.5274938,-2.4198883
Mosley Common,53.5090807,-2.4287365
Roe Green,53.5100367,-2.373582
Ludworth Houses,53.4077186,-2.0432641
Mill Brow,53.4027579,-2.0336346
Ridge End,53.3755621,-2.0532739
Werneth Low,53.4348895,-2.056226
Cheadle Heath,53.3987295,-2.1891985
Doodfield Farm,53.3768344,-2.068789
Great Moor,53.3879499,-2.1386208
Hollywood  End,53.4057972,-2.0241464
Marple Junction,53.3925792,-2.059264
Cheadle,53.3936441,-2.2122068
Cheadle Hulme,53.370983,-2.1928018
Cheetham Fold,53.4401999,-2.0788157
Cherry Tree,53.4149015,-2.073459
Gee Cross,53.4371931,-2.0688439
Gillbent,53.3596107,-2.1947019
Hazel Grove,53.3768486,-2.117817
Heaton Chapel,53.4273044,-2.176868
Heaton Moor,53.4224912,-2.1849941
Heaton Norris,53.4157868,-2.1788882
Kitt's Moss,53.358177,-2.172366
Levenshulme,53.4443366,-2.1931527
Offerton,53.3962844,-2.1182815
Portwood,53.4154547,-2.1483618
Reddish,53.4372674,-2.159912
Romiley,53.4140653,-2.0960802
Woodley,53.4266857,-2.0960802
Marple,53.3930149,-2.0693132
Stockport,53.407901,-2.160243
Bramhall,53.3575953,-2.1661435
Compstall,53.4153784,-2.055155
Gatley,53.3910659,-2.2284663
Haughton Green,53.4387955,-2.1024269
Hawk Green,53.3824266,-2.0615449
Heald Green,53.3700754,-2.2307279
High Lane,53.3651108,-2.0696568
Marple Bridge,53.4016616,-2.0531767
Marpleridge,53.3786355,-2.0576278
Arlies,53.4962089,-2.0546288
Brook Bottom,53.5198777,-2.0588614
Carrbrook Fold,53.5026235,-2.0195074
Cocker Hill,53.4851666,-2.0548852
Daisy Nook,53.5014815,-2.120668
Heyheads,53.5096358,-2.0283624
Littlemoss,53.4946456,-2.1254663
Moorgate,53.5075565,-2.0255793
Mossley Cross,53.5147223,-2.0511451
Park Bridge,53.5198099,-2.087134
Stalyhill,53.4712585,-2.0322486
Stocks,53.4813865,-2.0405311
Woodlands,53.4729368,-2.0408287
Copley,53.4862815,-2.0414044
Hartshead Pike,53.5183416,-2.0609081
Brushes,53.4884537,-2.0348721
Castle Hall,53.4797016,-2.0565171
Godley,53.4531667,-2.0639091
Guide Bridge,53.4724405,-2.1177737
Hollins,53.478846,-2.0631249
Hurst,53.4982237,-2.0940157
Hurst Cross,53.5001968,-2.0778302
Kingston,53.4516348,-2.0937458
Limehurst,53.5044319,-2.1079987
Newton,53.4634926,-2.0717682
Newton Wood,53.46203,-2.0884942
Springs,53.4923799,-2.0604653
Taunton,53.4978369,-2.1065235
The Hague,53.4871456,-2.0596059
Waterloo,53.5003096,-2.1092586
Ashton-under-Lyne,53.4854941,-2.1120849
Audenshaw,53.4704814,-2.1240454
Denton,53.4547745,-2.1153406
Droylsden,53.4786034,-2.1491964
Dukinfield,53.4757748,-2.0930306
Hyde,53.4508687,-2.0782603
Mossley,53.5130582,-2.0358291
Stalybridge,53.4840214,-2.0562536
Carrbrook,53.5054555,-2.0207199
Hattersley,53.4508345,-2.0277746
Heyrod,53.4976513,-2.0426552
Micklehurst,53.5175516,-2.0352699
Millbrook,53.4924141,-2.0348018
Mottram,53.4576897,-2.0143757
Newtonmoor,53.4674106,-2.0689215
Monde Trading Estate,53.4662524,-2.3275746
Sevenside Trading Estate,53.462848,-2.3227799
South Field Industrial Estate,53.4652468,-2.3143178
Stretford Motorway Estate,53.4626608,-2.3291171
Ashton upon Mersey,53.429835,-2.3431771
Baguley,53.4062626,-2.3048872
Bowdon,53.3768759,-2.3715318
Broadheath,53.4022973,-2.3624828
Brooklands,53.4139076,-2.3213704
Chorlton-cum-Hardy,53.4424345,-2.2772755
Davyhulme,53.4546079,-2.3677347
Hale,53.3745122,-2.3550227
Mosley,53.4632258,-2.3164191
Northern Moor,53.4110127,-2.2861977
Oldfield Brow,53.3915094,-2.3711887
Rushgreen,53.3899825,-2.4533976
Sale Moor,53.420011,-2.3044068
Timperley,53.3961615,-2.3202602
Whalley Range,53.4513685,-2.2523912
Altrincham,53.3839662,-2.3525463
Sale,53.4245221,-2.3183899
Stretford,53.445428,-2.3223051
Urmston,53.4453662,-2.3525463
Davenport Green,53.373203,-2.3003293
Dunham Town,53.3882073,-2.3917351
Flixton,53.4462727,-2.3888185
Gorse Hill,53.456834,-2.2970383
Partington,53.4214777,-2.4282494
Ringway,53.3562322,-2.3054695
West Timperley,53.4061978,-2.3498285
Arbury,53.4308086,-2.5849543
Glazebrook,53.4285276,-2.4622373
Hatton,53.3380796,-2.6020747
Hollins Green,53.4147717,-2.4579727
Houghton Green,53.422438,-2.5682668
Land Side,53.4778294,-2.5227541
Little Town,53.4447238,-2.5425922
New Lane End,53.4483618,-2.5584603
Twiss Green,53.4574859,-2.5295774
Winwick Quay,53.4245822,-2.6173788
Wright's Green,53.3571135,-2.5563325
Pipe Bridge,53.3581011,-2.6193775
Abbotsfield,53.4231937,-2.6902138
Bewsey,53.4005308,-2.6072733
Birchwood,53.4218666,-2.522364
Blackbrook,53.412458,-2.5685573
Bold,53.4276049,-2.6845489
Broomedge,53.3700491,-2.4438238
Callands,53.411683,-2.6186065
Chapelford,53.3967938,-2.6384417
Cinnamon Brow,53.4196457,-2.5609438
Cuerdley Cross,53.3772096,-2.6909751
Dallam,53.4097954,-2.6046529
Derbyshire Hill,53.4456678,-2.6839053
Fairfield,53.3949652,-2.580311
Fearnhead,53.4127654,-2.5559012
Gemini,53.4179821,-2.6217365
Gorse Covert,53.4291627,-2.5020488
Great Sankey,53.3904873,-2.6514907
Hillcliffe,53.3657183,-2.578857
Hood Manor,53.3926735,-2.6292255
Howley,53.3857708,-2.5810672
Howley Quay,53.3894065,-2.5757123
Hulme,53.4181709,-2.5943587
Kingswood,53.4130307,-2.6415198
Latchford,53.3806947,-2.5625387
Lingley Green,53.3958737,-2.664226
Locking Stumps,53.4236138,-2.5354369
Longbarn,53.4101687,-2.5479829
Longford,53.4109616,-2.5930834
Newton Common,53.4542253,-2.6551975
Oakwood,53.4197903,-2.5183706
Old Hall,53.3992192,-2.6235534
Orford,53.4112302,-2.5795194
Paddington,53.4004875,-2.5539769
Padgate,53.4035065,-2.5622463
Penketh,53.3844528,-2.6663234
Sankey Bridges,53.3834704,-2.6251566
Statham,53.38353,-2.4930354
Walton Lea,53.3666868,-2.5982259
Walton Superior,53.3617211,-2.6054005
Westbrook,53.4053952,-2.6325479
Whittle Hall,53.4013578,-2.6546033
Wilderspool,53.3768632,-2.5861632
Woolston,53.4020872,-2.5384134
Warrington,53.3899497,-2.5943178
Appleton Thorn,53.3510485,-2.5433511
Burtonwood,53.4297066,-2.6547116
Collins Green,53.441295,-2.6648081
Croft,53.4365741,-2.553229
Culcheth,53.4519289,-2.5225433
Grappenhall,53.3718312,-2.5448236
Kenyon,53.4562726,-2.5583547
Lane Head,53.4665025,-2.568084
Lowton St Mary's,53.4729672,-2.5634804
Lymm,53.3811782,-2.4764512
Stretton,53.3392898,-2.5751531
Warburton,53.4021066,-2.4566604
Winwick,53.4309832,-2.5966935
Aspull Common,53.4803566,-2.5418341
Astley Green,53.4923563,-2.4500943
Bickershaw,53.5108735,-2.5627948
Bryn Gates,53.5055955,-2.6124572
Dangerous Corner,53.5222645,-2.5306148
Gin Pit,53.5047889,-2.4713006
Glazebury,53.4701216,-2.4969772
Hart Common,53.5428556,-2.5475609
Higher Green,53.4980611,-2.4475462
Holland Lees,53.5712003,-2.7256903
Hunger Hill,53.5983744,-2.6966656
Lately Common,53.4775767,-2.5001362
Leyland Green,53.4972785,-2.6809003
Lilford,53.5033705,-2.5071235
Longshaw Common,53.5141593,-2.7187747
Lower Green,53.4893377,-2.4495399
New Hall Farm,53.5095679,-2.4575509
Pennington Green,53.5538948,-2.5738344
Plank Lane,53.4953931,-2.5548489
Red Rock,53.5836337,-2.6274755
Shevington Moor,53.5892602,-2.6855501
Standish Lower Ground,53.5623968,-2.6713406
The Bell,53.5440665,-2.6882718
Tontine,53.5343816,-2.7194779
Worthington,53.5970392,-2.6415731
Beech Hill,53.5602227,-2.6567888
Bottling Wood,53.556315,-2.6271385
Crooke,53.5622373,-2.6792235
Gidlow,53.5553241,-2.6453091
Goose Green,53.5256856,-2.65361
Hawkley,53.5228003,-2.6422916
Highfield,53.5291766,-2.6695472
Hindley Green,53.5239745,-2.548843
Ince-in-Makerfield,53.5370768,-2.6181975
Kitt Green,53.5464102,-2.6822696
Laithwaite,53.5472505,-2.6631861
Lamberhead Green,53.5320626,-2.6783275
Longshoot,53.5502016,-2.6216097
Marsh Green,53.5506705,-2.670063
Marylebone,53.5618403,-2.6288966
New Springs,53.557512,-2.6061994
Newtown,53.5406088,-2.6569543
Norley,53.5399588,-2.6778434
Orrell Post,53.5386047,-2.7017834
Pemberton,53.535222,-2.6759333
Poolstock,53.5358622,-2.6400775
Scholes,53.5480772,-2.6163892
Shevington Vale,53.5778754,-2.7100202
Spring Bank,53.5341854,-2.6649937
Springfield,53.555712,-2.6533361
Stubshaw Cross,53.4937686,-2.6258864
Thornhill,53.5707065,-2.6347724
Wallgate,53.5436917,-2.6378789
Westleigh,53.5117,-2.5299949
Whelley,53.5533611,-2.6148328
Winstanley,53.5110743,-2.709167
Worsley Mesnes,53.5300066,-2.6485627
Ashton-in-Makerfield,53.4852134,-2.6417771
Astley,53.5009963,-2.4496899
Atherton,53.5249679,-2.4905799
Golborne,53.4756118,-2.5994277
Hindley,53.5335298,-2.5778214
Leigh,53.4960455,-2.5171495
Tyldesley,53.5144859,-2.4661714
Wigan,53.5457188,-2.6264624
Abram,53.5086727,-2.5952405
Appley Bridge,53.5840403,-2.7237811
Aspull,53.5736164,-2.5791251
Aspull Moor,53.5710885,-2.5834125
Bamfurlong,53.5088765,-2.6065819
Blackmoor,53.4977811,-2.4635599
Bryn,53.5001904,-2.6519069
Downall Green,53.497347,-2.6694418
Edge Green,53.4874636,-2.6100062
Far Moor,53.5326133,-2.7123032
Garswood,53.4932341,-2.67672
Gathurst,53.5622398,-2.6980292
Haigh,53.5762894,-2.5921371
Higher Folds,53.5042023,-2.4810208
Hindsford,53.5186334,-2.4789146
Howe Bridge,53.5177988,-2.5065237
Low Green,53.5241786,-2.5947681
Lowton,53.4748282,-2.5781728
Lowton Common,53.4770713,-2.5537117
Marsland Green,53.4918382,-2.4805026
Orrell,53.5409591,-2.6950493
Pennington,53.4869231,-2.5231376
Platt Bridge,53.5180237,-2.5993298
Shakerley,53.5231395,-2.4691118
Shevington,53.5709871,-2.6926066
Standish,53.5863262,-2.6635746
Town of Lowton,53.4604297,-2.5914938