Lincoln,53.2336301,-0.5392172
Aby,53.2838792,0.1153586
Ailby,53.2697184,0.1538638
Aisby,53.4262221,-0.6892629
Aisthorpe,53.31097,-0.5795434
Anderby Creek,53.2608679,0.3203241
Anton's Gowt,53.0109604,-0.0666854
Apley,53.261306,-0.3395759
Ashby Puerorum,53.2244677,-0.014473
Asperton,52.9220526,-0.1258788
Asserby,53.2748851,0.2408191
Audleby,53.520907,-0.3268201
Austendike,52.7785428,-0.0793079
Autby,53.4536805,-0.0722683
Barlings,53.2589977,-0.3896461
Bassingthorpe,52.8456267,-0.5668716
Baythorpe,52.9552978,-0.145468
Beesby,53.4501414,-0.0948214
Belnie,52.8597477,-0.1444584
Benington Sea End,52.9926953,0.0986069
Bicker Bar,52.9299256,-0.1556712
Bicker Gauntlet,52.9363252,-0.1910098
Billinghay Thorpe,53.0817669,-0.2703891
Birkwood,53.1167159,-0.1032509
Biscathorpe,53.344644,-0.1592484
Bishopbridge,53.4067671,-0.4492157
Black Barn,52.8324075,0.1242747
Blackjack,52.9390011,-0.1239266
Blankney,53.1281749,-0.4031692
Bleasby,53.3474497,-0.3022712
Bleasby Moor,53.3372925,-0.307617
Bloxholm,53.0699591,-0.4113665
Bonthorpe,53.2325406,0.2199867
Boothby,53.1952637,0.2202531
Borderville,52.6679313,-0.4685133
Boston Long Hedges,53.0047389,0.0154006
Boughton,52.9964918,-0.3265045
Brampton,53.3060419,-0.730562
Brand End,52.985959,0.0555068
Brandon,53.0235564,-0.6538317
Brandy Wharf,53.4600356,-0.4732505
Branston Booths,53.2083797,-0.4095888
Brauncewell,53.0557703,-0.489743
Bridge End,52.9119901,-0.3018123
Brocklesby,53.586905,-0.2757603
Broxholme,53.2915387,-0.6340114
Bullington,53.2869449,-0.3603398
Bunker's Hill,53.0668292,-0.1129489
Bunker's Hill,52.9524505,-0.0189569
Burtoft,52.8987244,-0.1189353
Byard's Leap,53.032086,-0.525373
Cackle Hill,52.8162596,0.0050131
Cadeby,53.4446853,-0.089604
Cadwell Highfield,53.3146976,-0.075697
Campney Lane,53.1944302,-0.2658393
Careby,52.7366323,-0.484538
Carlton Ashes,52.9913017,-0.6190045
Castle Carlton,53.3316203,0.0990818
Cawkwell,53.2999822,-0.0787311
Cawthorpe,52.7851697,-0.3834029
Church End,52.8896821,-0.1817973
Church End,53.4403783,0.1408939
Church Laneham,53.2798578,-0.7798499
Churchthorpe,53.4590172,-0.0050247
Claxby Pluckacre,53.1643547,-0.048513
Clixby,53.5240464,-0.3395436
Coates-by-Stow,53.3383312,-0.6333976
Cold Hanworth,53.3372004,-0.4515045
Collow,53.33914,-0.2876116
Corby Birkholme,52.800254,-0.5624445
Counthorpe,52.7709138,-0.5124716
Cowbridge,53.0051201,-0.0226576
Crofton,52.9477228,-0.4333425
Croxby,53.4671057,-0.2078644
Culverthorpe,52.9506683,-0.4771162
Dalderby,53.1770547,-0.1328685
Dexthorpe,53.2227471,0.1049413
Donington Eaudike,52.9128641,-0.1686874
Dovendale,53.3263392,-0.0475611
Drayton,52.9366473,-0.1522536
Driby,53.2484059,0.0780808
Drinsey Nook,53.258205,-0.6956652
Eagle Barnsdale,53.1772929,-0.6824825
Eagle Moor,53.2032689,-0.6719038
East Firsby,53.3577445,-0.478819
East Torrington,53.3354802,-0.2774266
Eastville,53.0921027,0.0951104
Elsthorpe,52.8020269,-0.429945
Eskham,53.465937,0.0570109
Ewerby Thorpe,53.0149408,-0.314853
Far Thorpe,53.2470591,-0.1037381
Farforth,53.2870259,-0.0227712
Farlesthorpe,53.2442611,0.2096452
Fenhouses,52.9462767,-0.1276369
Fenton,53.0472768,-0.689016
Fishtoft Drove,53.0221174,-0.0393412
Fonaby,53.512367,-0.3295486
Fordington,53.2221653,0.1228997
Fosdyke Bridge,52.8714039,-0.0422801
Fosdyke Villa,52.8909778,-0.0355676
Fotherby,53.4056722,-0.0213076
Frampton West End,52.9534992,-0.0649098
Freiston Shore,52.9611537,0.0785658
Friesthorpe,53.3368513,-0.3909358
Friskney Eaudike,53.0823273,0.1983555
Frith Bank,53.0059959,-0.0462926
Fulnetby,53.3001855,-0.3535261
Fulsby,53.1310678,-0.1447464
Garnsgate,52.7804719,0.1014997
Gate Burton,53.3351387,-0.7422838
Gautby,53.2361042,-0.2431746
Gayton Engine,53.3687679,0.1850851
Gedney Broadgate,52.7832204,0.0826309
Gedney Dawsmere,52.8495794,0.142305
Gedney Dyke,52.8134659,0.0976409
Gelston,52.9971662,-0.6404668
Gilby,53.4301795,-0.7018378
Girsby,53.3667792,-0.1742257
Goltho,53.2776806,-0.3264667
Gosberton Cheal,52.8438112,-0.1775769
Gowthams,53.1817328,0.2119508
Grainsby,53.4766243,-0.0750017
Grainsby Holme,53.480706,-0.0251499
Grange de Lings,53.2854919,-0.5191724
Great Humby,52.879036,-0.5056332
Grebby,53.1950085,0.1522632
Greetwell,53.2329386,-0.4829622
Grimblethorpe,53.3593408,-0.1431774
Gunby,53.1786612,0.1965437
Gunnerby,53.4755448,-0.1697137
Guy's Head,52.8098371,0.2066423
Guy's Wells,52.7972686,-0.0202549
Haddington,53.1566784,-0.6328884
Hagnaby,53.2954406,0.2257085
Hagnaby,53.1442457,0.0108592
Hagnaby Lock,53.1198878,0.0006939
Hall End,53.0318181,0.1336945
Hallington,53.350578,-0.0415659
Halton Fenside,53.1482413,0.1248547
Hanby,52.8746175,-0.4773509
Hannah,53.2897147,0.2496571
Hardwick,53.2710123,-0.6977103
Harrowby,52.9119444,-0.6075389
Haugh,53.2621195,0.1209837
Haverholme,53.0310939,-0.3474296
Hawerby,53.4602674,-0.1014344
Hawthorn Hill,53.0817152,-0.1818056
Helsey,53.2314583,0.274979
Heydour,52.9434476,-0.4989742
High Ferry,53.0255435,0.01314
High Somerby,52.8942733,-0.5673355
Hilldyke,53.0085148,0.0015487
Hoffleet Stow,52.918547,-0.148551
Holbeach Bank,52.8271792,0.0105183
Holbeach Clough,52.824999,-0.0017437
Holbeach St Matthew,52.8675702,0.0951869
Holbeck,53.2348816,-0.0304433
Holdingham Anna,53.0102538,-0.4503976
Holton Cum Beckering,53.3112171,-0.3175803
Holywell,52.7346168,-0.51837
Hop Pole,52.7082569,-0.2475396
Hundle Houses,53.0650387,-0.1343935
Hunger Hill,53.164078,0.1859106
Hungerton,52.860897,-0.6981138
Hykeham Moor,53.1812835,-0.6126661
Ingham Cliff,53.3376171,-0.5630416
Ingleby,53.2909611,-0.6631374
Jerusalem,53.2285359,-0.6270955
Kate's Bridge,52.7260026,-0.3636084
Kelstern,53.3940634,-0.1186957
Kettlethorpe,53.2719547,-0.7300665
Key's Toft,53.0958556,0.2362761
Keysby,53.2685425,0.052344
Kingerby,53.4210676,-0.4144819
Kingthorpe,53.2603487,-0.3081152
Kirkby,53.4213125,-0.4012871
Kirkby Fenside,53.1294981,-0.0114069
Kirkstead,53.1408305,-0.2164757
Kirton End,52.9435925,-0.0820788
Kirton Holme,52.9607707,-0.1214564
Knaith Park,53.3614245,-0.7364987
Lade Bank,53.0705503,0.0830475
Lancaster Green,53.3934073,-0.5732945
Langrick Bridge,53.010323,-0.1146183
Langton,53.2020385,-0.151491
Langton by Wragby,53.2775614,-0.2763743
Langworth,53.2737645,-0.4068486
Laughterton,53.2739269,-0.7429197
Lea Gate,53.110901,-0.1473456
Leake Hurn's End,53.020174,0.1319554
Leverton Highgate,53.0069506,0.1002102
Leverton Lucasgate,53.004625,0.1088438
Leverton Outgate,53.0141398,0.117681
Listoft,53.2236029,0.2747194
Little Dowsby,52.8599355,-0.3477387
Little Grimsby,53.4033535,-0.0058537
Little Hale,52.960423,-0.2957801
Little London,53.3660486,-0.2849488
Little London,53.254886,-0.0025903
Little London,53.5903492,-0.2082574
Little Welton,53.3663784,-0.0371919
Lobthorpe,52.7776078,-0.5894714
Loosegate,52.8127988,-0.0497134
Lound,52.750616,-0.4171994
Low Barlings,53.247717,-0.3725837
Low Fulney Estate,52.7856189,-0.1209909
Low Hameringham,53.1769261,-0.0479794
Low Langton,53.2704108,-0.2661554
Low Toynton,53.2184592,-0.0899148
Lower Bassingthorpe,52.8508185,-0.5700474
Lower Bitchfield,52.8441508,-0.5408509
Ludney,53.4409449,0.0990584
Maidenwell,53.2955364,-0.0188233
Maltby,53.3379133,-0.0303703
Markby,53.2863833,0.2278697
Martin,53.1848304,-0.1462766
Martin Dales,53.1409866,-0.2453122
Mawthorpe,53.2341209,0.1857709
Medlam,53.0868212,-0.0305571
Midthorpe,53.2391757,-0.1081893
Midville,53.092878,0.0646114
Mill Hill,53.1657294,0.2982775
Monksthorpe,53.1680647,0.1661256
Moorby,53.1587947,-0.0677066
Moorhouses,53.0973149,-0.0891926
Moortown,53.4779759,-0.3855525
Morton,53.1643914,-0.6787785
Moulton Eaugate,52.7286717,-0.0764603
Moulton Eaugate,52.7384015,-0.0740686
Muckton Bottom,53.3188878,0.0488093
New Apley,53.2588307,-0.3201252
New Roughton,53.1726843,-0.1446435
Newball,53.2749062,-0.3911685
Newstead,52.6587857,-0.453582
Normanby By Stow,53.3370165,-0.6766474
North Elkington,53.3944025,-0.0658743
North End,53.4958797,-0.0256811
North End,53.4771314,-0.4278909
North End,53.3859463,0.1458038
North Gate,52.8211946,-0.2150863
North Greetwell,53.251302,-0.4800162
North Gulham,53.4444522,-0.4321906
North Kelsey Moor,53.5031666,-0.3884664
North Ormsby,53.4211354,-0.0617116
Northbeck,52.9556256,-0.3693972
Northorpe,52.9133313,-0.2042864
Northorpe,53.1783659,0.1161212
Obthorpe,52.7235581,-0.381177
Odder,53.2634049,-0.6250599
Old Amber Hill,53.006678,-0.1633011
Old Woodhall,53.1911962,-0.1781097
Orford,53.4362197,-0.1921879
Osgodby,52.840695,-0.4812374
Otby,53.4262321,-0.2870947
Oxcombe,53.2754989,-0.0362084
Penny Hill,52.8215982,0.013285
Pilham,53.4346784,-0.7022331
Poolham,53.1974957,-0.1974627
Potterhanworth Booths,53.1972394,-0.3938341
Quadring Eaudike,52.8851438,-0.1490845
Quadring Fen,52.8769169,-0.2395069
Rand,53.2945987,-0.3445336
Reasby,53.3033741,-0.4022816
Reedham,53.0894344,-0.1428667
Reeds Beck,53.1717092,-0.2037219
Revesby Bridge,53.1242773,-0.05001
Revesby Gate,53.1241633,-0.0496024
Risby,53.4124981,-0.2783185
Rowting Cross,52.9448375,-0.0168796
Ruckland,53.2831122,-0.000368
Saltfleet All Saints,53.3910265,0.1869305
Saltfleetby St Clement,53.4042386,0.1968777
Scamblesby Thorpe,53.2930092,-0.0671076
Scotland,52.8609703,-0.5098637
Scott Willoughby,52.9244564,-0.4345408
Scotterthorpe,53.5072963,-0.6820069
Scottlethorpe,52.7759376,-0.4410192
Scrafield,53.201132,-0.0486573
Scrane End,52.9559536,0.0654462
Scrivelsby,53.1780161,-0.1023101
Scrub Hill,53.0805686,-0.1627284
Seadyke,52.9050415,-0.0326052
Shepeau Stow,52.6923809,-0.0685421
Short Ferry,53.23053,-0.3656673
Short's Corner,53.056883,-0.0420088
Skeldyke,52.9142602,-0.0133502
Skendleby Salter,53.2229132,0.1486992
Skidbrooke,53.4089686,0.1626068
Skidbrooke North End,53.4337656,0.1687967
Skinnand,53.1069686,-0.596791
Sloothby,53.2140761,0.232283
Snarford,53.3267957,-0.4221105
Somersby,53.2346136,0.0114454
Sotby,53.2923861,-0.1918225
Sots Hole,53.1641429,-0.3249776
South Owersby,53.4283746,-0.4015392
Spanby,52.929262,-0.3737087
Spital in the Street,53.3983771,-0.548227
Stainfield,53.2443441,-0.3393869
Stainsby,53.2253433,0.0026073
Stow,52.9008165,-0.3700508
Stow Park,53.3210068,-0.6998134
Strubby,53.3157746,0.1818111
Strubby,53.2806434,-0.2619322
Sturgate,53.392467,-0.6800447
Sudbrook,52.990513,-0.5536116
Sudbrooke,53.2672591,-0.4466769
Sudthorpe,53.0380628,-0.5913372
Sutterby,53.2302402,0.0742681
Sutton,53.0603728,-0.6929061
Sutton Crosses,52.7673318,0.1220326
Sutton le Marsh,53.2976462,0.2843248
Swineshead Bridge,52.9705857,-0.1879492
Swinthorpe,53.3129385,-0.4099259
Tamworth Green,52.9613363,0.0611635
Tanvats,53.1608491,-0.3085643
Tarry Hill,52.9517802,-0.1633894
Tathwell Cottage,53.3318577,-0.0243231
Tattershall Bridge,53.0899385,-0.2160443
Tealby Thorpe,53.3961532,-0.2745618
Temple Bruer,53.0695446,-0.494459
Tetney Lock,53.4994596,0.0210074
The Engine,52.6548064,-0.1397566
Theddlethorp All Saints,53.3695489,0.2035387
Thonock,53.4243749,-0.7577859
Thoresthorpe,53.2748093,0.1899179
Thorpe,53.3138051,0.2486546
Thorpe Culvert,53.1221265,0.1974644
Thorpe Fendykes,53.1216719,0.1694864
Thorpe in the Fallows,53.3147959,-0.6310917
Thorpe Latimer,52.9455333,-0.3124471
Thorpe le Vale,53.4013201,-0.1933467
Thorpe St. Peter,53.1233692,0.2162406
Thorpe Tilney,53.1019072,-0.3289394
Thurlby,53.2595556,0.2343826
Toft,52.7422257,-0.417739
Toft Hill,53.143047,-0.1337908
Tongue End,52.7509139,-0.2856694
Tothby,53.2670748,0.1649182
Tothill,53.3174391,0.12389
Tothill,53.311123,0.1261786
Tumby,53.1216501,-0.1501605
Tupholme,53.2039946,-0.2826346
Twenty,52.7709169,-0.2895911
Ulceby Cross,53.2413102,0.1143489
Ulceby Skitter,53.6194996,-0.3038646
Usselby,53.4278876,-0.3525984
Utterby,53.4212266,-0.0331194
Waddingworth,53.2249812,-0.2250203
Wainfleet Bank,53.1100867,0.1946792
Wainfleet Clough,53.1124725,0.3042147
Waithe,53.487131,-0.065414
Wales,52.8216193,-0.171194
Walmsgate,53.2831293,0.0449961
Wargate,52.8587686,-0.1654534
Wasps Nest,53.1695902,-0.3822872
Weecar,53.1909665,-0.7620479
Welsdale Bottom,53.3407264,-0.12281
West Barkwith,53.3089438,-0.2612168
West End,53.464504,0.0426342
West Firsby,53.3519894,-0.5292865
West Pinchbeck,52.8062498,-0.2174775
West Willoughby,52.9803891,-0.5624113
Westby,52.8435345,-0.5574167
Westhorpe,52.864361,-0.1887342
Westwoods,53.3077677,-0.6874641
Wharton,53.4326134,-0.7299202
Whisby,53.19562,-0.6488819
Whitepit,53.2741436,0.0655199
Wilksby,53.1483646,-0.0818711
Willoughby Hills,52.9902279,0.0096339
Winceby,53.1954339,-0.025208
Wispington,53.2281885,-0.1953534
Wood Langham,53.3564846,-0.2791842
Woodnook,52.8812025,-0.5983886
Woodthorpe,53.3008341,0.1557583
Workhouse End,53.0293548,0.1225945
Worlaby,53.271685,0.0082827
Wrangle Bank,53.0601569,0.1256883
Wrangle Lowgate,53.0446401,0.1485569
Wyberton West End,52.9614511,-0.052065
Wyham,53.4375684,-0.0781559
Wyville,52.8543662,-0.6907722
Yarburgh,53.4170967,0.0306739
Yawthorpe,53.4171006,-0.6522335
Abbey Garth,53.2207669,-0.3353888
Abbey Hill,53.1682922,-0.3891769
Abbey hills,53.0713982,0.1644776
Abbey Lawn,52.7664876,-0.3724905
Abbey Parks,52.9714917,-0.2193061
Acre Bridge,53.4309808,0.0956585
Acreland Crow,52.9201449,-0.1026507
Acthorpe Top,53.3762446,-0.0331588
Agarth,53.3541203,0.0167699
Albion Farm,53.1372482,0.129794
Alderlands,52.6682419,-0.1785926
Algarkirk Fen,52.9954921,-0.1753902
Algarkirk Marsh,52.8672393,-0.0748189
Algarkirk Marsh,52.8683635,-0.06435
Allington Junction,52.932995,-0.7012166
Alma Park Industrial Estate,52.9239761,-0.6050267
Alvingham Fen,53.419612,0.0697106
Alvingham Lock,53.3974076,0.0518517
Anchor Church Field,52.680104,-0.153678
Ancroft Fen,53.2577306,0.210246
Anderbury Turn,53.254583,0.2686396
Ash Hill,53.4482143,-0.1824027
Ashington End,53.1868743,0.2692628
Ashley's Field,53.2191818,0.2712985
Aslackby Fen,52.8535546,-0.2874248
Aslackby Fen,52.8599922,-0.2839843
Aslackby Fen,52.8618078,-0.3065686
Asserby Turn,53.2739264,0.2162309
Aswarby Park,52.9449087,-0.419294
Aswardby Bridge,53.2046039,0.0557267
Atkin's Bridge,52.7672364,-0.2237322
Atterby Carr,53.432985,-0.477197
Atterby Cliff,53.4281006,-0.5447873
Aubourn Fen,53.1473712,-0.5927389
Aubourn Moor,53.1439809,-0.6193796
Aunby,52.7198416,-0.4892216
Austen Fen,53.4286418,0.0675834
Authorpe Fields,53.3127991,0.0934436
Authorpe Row,53.2355378,0.3049656
Aylesby Park,53.5495044,-0.1909514
Backside Field,52.668572,-0.2759204
Badger Bank,53.0600022,0.1647631
Badger Hills,53.4995994,-0.1747903
Badger Hills,53.4968973,-0.2647036
Bailey's Grave,52.8126302,0.0056878
Baker's Bridge,52.9934906,0.0282242
Baker's Bridge,52.9670251,-0.0948182
Bamber's Bridge,53.3210269,0.2455353
Bamborough Field,53.114075,0.2462478
Bankside,53.1779786,-0.1323303
Bar Bridge,53.0671674,0.0155323
Bar Bridge,52.9561839,-0.1809999
Bar Green Bridge,53.110432,0.0113257
Barber's Hill,52.7150005,-0.4815459
Bardney Common,53.2083534,-0.3073462
Bardney Dairies,53.242676,-0.2979703
Barff Vale,53.5018385,-0.4454698
Bargate Hill,53.0032385,-0.3517959
Barholm Field,52.6664503,-0.3737526
Barholm Field,52.6694352,-0.3837174
Barkston East Junction,52.970938,-0.636532
Barkston Heath,52.9618188,-0.5662469
Barkston Heath,52.9637176,-0.5906836
Barkston South Junction,52.9669529,-0.642715
Barlings Abbey,53.2475078,-0.3689178
Barlings Park,53.2605453,-0.4014633
Barns Bridge,53.1271843,-0.0183834
Barrow Hill,52.9575141,-0.4288294
Barrowby Thorns,52.9362331,-0.6821319
Barton Field,52.7397106,0.113277
Barton Holt,52.7379828,0.1091061
Bassett's Wig,53.4038919,-0.5300371
Bassingham Fen,53.1189636,-0.6103407
Bassingham Fen,53.1332842,-0.5943687
Bassingham Field,53.128255,-0.6329372
Baston Fen,52.7183605,-0.3125324
Baston Fen,52.7316782,-0.3145418
Baston Fen,52.732199,-0.2958901
Battle Bridge,52.7855183,0.0505329
Battle Fields,52.8137068,0.0249692
Battlebourn Head,52.7694096,-0.6031186
Baumber Park,53.2496024,-0.1748218
Baumber Vale,53.2533724,-0.1552636
Baxter Bridge,53.1882888,-0.7621072
Bayons Park,53.3992202,-0.2514446
Beacon Hill,52.9795169,-0.3661154
Beacon Hill,52.8819375,-0.3772834
Beacon Hill,53.4618727,0.0650001
Beacon Hill,53.1644173,-0.6219548
Beacon Hill,52.7805081,-0.5462471
Beacon Park Home Village,53.1583728,0.3140041
Beasthorpe,53.4569792,-0.4241586
Beck Bridge,52.9646876,-0.1245583
Beck Field,52.6804591,-0.3773104
Beck House Bridge,53.3253382,-0.2445098
Beckingham Field,53.0676949,-0.6616408
Beckingham Training Camp,53.0767688,-0.6818355
Beckingham Yard,53.4026545,-0.7882168
Becklands,53.4916177,-0.3359002
Beelsby Top,53.4985002,-0.1974139
Bell Water Bridge,53.1020367,0.0685268
Bell Water Bridge,53.1108275,0.1240858
Bell's Bridge,52.7444404,0.0333626
Bella Hill,53.3706074,-0.2841308
Belleau Bridge,53.2785213,0.1023223
Bellows Pipe,53.5499615,-0.251961
Bellwater Gowt,53.1129236,0.1381183
Belnie Bridge,52.8623579,-0.1488272
Belton Park,52.9393135,-0.6071468
Benington Bridge,53.0339304,0.0465212
Benington Ings,53.030637,0.0488224
Benington Ings,53.0194408,0.056613
Bennington Fen,53.0192886,-0.7811361
Benniworth Haven,53.3250862,-0.1572413
Benniworth Moor,53.3048222,-0.2020391
Benton's Bridge,52.9839919,-0.0741418
Bergamoor,53.1649902,-0.2377023
Berrygreen Bridge,53.4180892,0.1588747
Bettinson's Bridge,53.0723865,-0.1614152
Bicker Fen,52.9372704,-0.2101528
Bicker Fen,52.9480444,-0.2123328
Bicker Fen,52.9370211,-0.2288096
Bicker Fen,52.953359,-0.221229
Bicker Friest,52.9176944,-0.1905935
Bicker Haven,52.8936271,-0.1472294
Bicker Haven,52.8996184,-0.1401531
Bicker Haven,52.9134476,-0.1524407
Bicker Haven,52.8710438,-0.1113459
Billingborough Fen,52.8872207,-0.2803032
Billingborough Fen,52.891885,-0.3081455
Billinghay Dales,53.0740939,-0.231958
Billinghay Field,53.0842116,-0.2912692
Billinghay Field,53.076565,-0.2902599
Billinghay Hurn,53.0934281,-0.2490047
Bilsby Field,53.2544894,0.1914538
Binbrook Top,53.4219657,-0.1972227
Birch Wood,53.1946493,-0.2964728
Birt Hill,53.2102582,-0.2752647
Biscathorpe Park,53.3432994,-0.1567601
Bishop Bridge,53.4063606,-0.4497176
Bishop Bridge,53.247488,-0.5779826
Bishopshall,52.7885946,-0.4676668
Black Dike Bridge,53.4551008,-0.4758441
Black Hill,53.2436497,-0.0028594
Black Horse Bridge,53.1265769,0.1317322
Black Mires,53.0435301,-0.7097126
Blackhall,53.4241229,-0.4443039
Blackmoor Bridge,53.1516369,-0.5829106
Bladderwick Field,52.7299671,0.1068951
Blankney Barff,53.1389642,-0.3468255
Blankney Heath,53.1217533,-0.4623234
Blankney Moor,53.1334964,-0.3529023
Blankney Park,53.1295366,-0.421494
Bleasby Field,53.348413,-0.3167393
Blossom Hill,52.856435,-0.2374174
Blue Bell Bridge,52.6565205,-0.1159104
Blue Bridge,53.0950917,0.1466676
Blue Gowt Bridge,52.8089045,-0.1567821
Blue Hill,53.1828007,0.0916973
Blyton Carr,53.4362919,-0.7689687
Blyton Carr,53.4494877,-0.7604778
Blyton Gate,53.4498897,-0.7305081
Blyton Level Crossing,53.4441053,-0.6760101
Bodkin,53.3269925,-0.2609386
Bog's Nook,53.1656729,-0.1956147
Bogle Holt,53.249722,0.1433354
Bonnett's Pieces,52.649322,-0.1280043
Bonscaupe,53.4397396,-0.0192609
Boothby Graffoe Heath,53.12562,-0.5133175
Boothby Graffoe Low Fields,53.1163085,-0.5611777
Borough Fen,52.6520278,-0.2335936
Bosom Hill,53.007259,-0.6285245
Boston Road Bridge,52.9989558,-0.3924728
Boston West,52.999518,-0.0789942
Boston West,52.984744,-0.0623301
Bottom Bridge,53.0323177,-0.2448322
Bottom Camp,52.8251017,-0.5323838
Bottom Field,52.7451597,0.1332366
Bottom Meadow,52.7021679,-0.382067
Bottom Park,53.1459218,-0.5538648
Boughton Hill,52.9957879,-0.3360482
Boultham Junction,53.2275485,-0.5626445
Bouncing Hill,53.0005762,-0.4323318
Bourne North Fen,52.7588578,-0.2906046
Bourne North Fen,52.7618358,-0.3046588
Bourne North Fen,52.7757703,-0.3269265
Bourne North Fen,52.77874,-0.2879218
Bourne South Fen,52.753809,-0.2945214
Bourne South Fen,52.7573143,-0.3329036
Bourne South Fen,52.7662809,-0.3490149
Bowlings Park,53.4779353,-0.0400536
Bowman's Bridge,52.7607838,-0.174082
Bowser's Corner,53.0910556,0.0919145
Boy Grift Bridge,53.2938478,0.2981699
Bracken Hill,53.3516141,0.0367861
Brackenborough Lawn,53.3886985,-0.0150222
Brackenbury Bridge,52.9687271,-0.3440202
Brackenbury Fields,52.8718363,-0.5552401
Bradley Gairs,53.5272857,-0.1154016
Bradley's Hollow,52.8383846,-0.6429921
Braemar Farm,53.4166131,-0.2098702
Bramble Hills,53.1072854,0.3337069
Bramble Hills,53.1163617,0.3343235
Brampton Dale,53.3764084,-0.6984135
Bran's Hill,53.4183002,-0.76196
Branston Island,53.2233481,-0.3559919
Branston Park,53.1936709,-0.4835598
Brantsfield,53.2705602,0.0768279
Bratlands,53.5558974,-0.2363776
Bratoft Corner,53.1531538,0.2325521
Brauncewell Hill Top,53.0504765,-0.4685811
Braygate Bridge,53.446468,0.1206189
Breast Sand,52.8234323,0.2199094
Breeder Hills,52.9204509,-0.7438914
Brewer's Grave,52.8941008,-0.7441632
Brick Pit Sidings,53.5780206,-0.0870198
Brickyard Cottages,53.1809798,-0.2293018
Bridge Angle,52.9636355,-0.1169155
Bridge Hills,52.9087577,-0.3028121
Bridge Piece,52.9651821,-0.0848515
Bridle Spring,53.1303284,-0.7040957
Brightman's Bridge,52.7757507,-0.1885674
Brigsley Top,53.5044544,-0.0955379
Brills Hill,53.1262514,-0.7196362
Broadeng Bridge,52.643166,-0.492013
Broadwater Bridge,52.7711639,-0.0624083
Brocklesby Park,53.5804567,-0.2955595
Bromby Bridge,53.0832557,0.1966813
Brompton Dale,53.5336356,-0.3030767
Broom Hills,53.3521917,-0.7424738
Broom Hills,53.2766164,-0.7506721
Brothercrofts Gowt,53.2135038,0.2885276
Brotherhouse Bar,52.7177469,-0.1351327
Brothertoft,53.0007204,-0.1099365
Broughton Clays,53.0829865,-0.6562072
Broughton Clays,53.0839662,-0.6750111
Broughton Clays,53.0931482,-0.6676619
Broughton Clays,53.0936299,-0.6526263
Brown's Bridge,53.4405684,-0.4673568
Bucklegate,52.9090575,-0.022
Bucknall Fen,53.184828,-0.2843263
Bull Bridge,52.8832532,-0.2379975
Bullock Pasture,52.9841763,-0.4135904
Bullock Pasture,52.7651599,-0.5825074
Bully Hill,53.4136477,-0.2418731
Bullywells Quarry,52.9968057,-0.4492486
Bunker's Hill,53.2428026,-0.5048106
Bunker's Hill Bridge,53.0671518,-0.1142265
Burgh Common,53.1663466,0.2510901
Burgh Common,53.1607848,0.2522706
Burgh Marsh,53.1612754,0.2802679
Burgh on Bain Bridge,53.362122,-0.1569811
Burgh Sluice,53.1022872,0.3172214
Burity Fen,52.8236252,-0.1736052
Burkinshaws Top,53.417497,-0.1867845
Burn's Bridge,53.1096098,0.1919903
Burtey Fen,52.8291525,-0.1984213
Burton Bridge,52.9601855,-0.3272288
Burton Cliff,52.963307,-0.3526605
Burton Corner,52.9890771,-0.0063868
Burton Fen,53.2588484,-0.6052165
Burton Fen,53.267554,-0.6171694
Burton Park,53.2563181,-0.5595588
Burwell Park,53.2991524,0.0646882
Buslingthorpe Bridge,53.3571349,-0.3560472
Buslingthorpe Level Crossing,53.3530754,-0.3588696
Butterbump,53.2261234,0.239177
Butterbump Bridge,53.2300609,0.2395507
Butterick Low,52.9680262,0.1106943
Butterwick Ings,53.0191014,0.0457136
Butterwick Sea End,52.9801526,0.0908265
By Hole,53.2122104,-0.0108393
Byards Keep,52.9834791,-0.4472851
Bycroft's Bridge,53.1147161,0.2047146
Bystall Bank,53.0436035,0.1959575
Cabbage Hill,52.7692952,-0.5354437
Cabourne Parva,53.5115944,-0.2649562
Cabourne Vale,53.4876294,-0.2983707
Cade's Corner,53.2532452,-0.1400329
Cadeby Park,53.4475568,-0.0845454
Caen Hill,53.5308226,-0.277179
Caenby Cliff,53.3902324,-0.5385413
Caenby Corner,53.39298,-0.547641
Caenby Hill,53.3844673,-0.5485342
Calf Bridge,52.876113,-0.2384492
Callows Site,52.8212989,0.0045049
Candlesby Hill,53.1926162,0.1818969
Candlesby Park,53.1808758,0.1759845
Canister Bridge,53.0321624,-0.0748991
Cape Horn,53.4679964,0.104885
Carlton Ashes,52.9952218,-0.6093414
Carlton Bridge,53.1709825,-0.2732327
Carlton Scroop Heath,52.998951,-0.5706561
Carpenter's Platts,52.8646218,-0.6985438
Carre Bridge,52.9985409,-0.4083064
Carrington Park,53.0788123,-0.046882
Carter Plot,52.9790006,-0.2604724
Carter's Park,52.8063826,0.0152041
Casewick Field,52.6632533,-0.3920896
Casewick Field,52.6782465,-0.3945178
Casewick Park,52.6689557,-0.4121475
Castcliffe Hill,53.2450083,-0.0480982
Casthorpe Bridge,52.9041986,-0.7209922
Casthorpe Hills,52.9100784,-0.7049222
Castle Hill,52.7553755,-0.5329322
Castle Hill,53.0776274,-0.5561393
Catchmill Corner,53.239125,0.2760902
Catchwater Bridge,53.1009848,-0.0983347
Cate's Cove Corner,52.7072981,-0.0647892
Catley's Row,53.317834,0.1513036
Causeway Bridge,53.0692168,-0.2893506
Caythorpe Heath,53.0271165,-0.5479884
Caythorpe Low Fields,53.0404273,-0.6407167
Caythorpe Low Fields,53.0329798,-0.6373869
Chain Bridge,53.1053693,0.2435238
Chain Bridge,52.8724542,-0.1443186
Chain Bridge,52.9696075,-0.057251
Chapel Bridge,52.9046702,-0.253458
Chapel Field,52.7276699,0.0593594
Chapel Green,52.7011671,-0.0500631
Chapel Hill,52.777662,-0.5868297
Chapel Hill,53.1747691,-0.4949359
Chapel Hill Bridge,53.0703136,-0.1993137
Chapel Lane Industrial Estate,53.1476057,-0.0065412
Chapel Point,53.2330473,0.3403331
Chapel Yard,53.4343927,-0.6594562
Chapelfield Bank,52.7255923,0.0622
Cheal Bridge,52.8479592,-0.1831043
Cherry Corner,53.0689631,0.0021469
Cherry Garth,53.3578271,0.1088958
Cherry Tree Farm Park,53.4007801,-0.5010352
Cherry Valley Top,53.4860414,-0.2516622
Chop Hills,53.1077474,0.2223957
Church Bridge,53.1277863,-0.6456663
Church Field,52.673118,-0.2955052
Church Half Acre,53.1036995,0.1964275
Church Holes,53.3935943,-0.2431633
Church Meadow,52.6551266,-0.3890911
Church Meadow,52.6620799,-0.3634674
Churchfield,53.136829,-0.0841366
Churn Water Heads,53.4162331,-0.2563938
Cinder Hill,53.2057776,0.0417831
Clamp Gate Bridge,52.9647645,0.0364005
Clarey's Bridge,53.1236515,0.1186178
Clark's Hill,52.7598103,0.0547859
Claxby Moor,53.4533642,-0.3538637
Claxby Platts,53.4365766,-0.3426943
Claxy Common,53.0749896,0.1444375
Clay Bridge,53.2896338,-0.3701215
Clay Hill,52.9971427,-0.4271036
Clay Hill,52.7042106,-0.4887614
Claylane Bridge,53.3794373,-0.4337857
Claypole Bridge,53.0307275,-0.7452602
Claypole Fen,53.0386998,-0.7143203
Clifton's Bridge,52.7505479,0.0432349
Clog Bridge,53.190308,-0.7230209
Clough Bridge,52.8259558,0.0009011
Clough Bridge,53.1307451,0.1838416
Clough Bridge,53.1115727,0.3037977
Cob Hill,53.2831241,0.2952779
Cobbler's Corner,53.1441647,0.0030859
Cobbler's Lock,53.0329316,-0.3200841
Cold Harbour,53.1931665,0.1727718
Colder Bridge,52.9074519,-0.0615854
Coleby Heath,53.1371929,-0.5203978
Coleby Low Fields,53.1255867,-0.5862606
Coleby Low Fields,53.1255002,-0.5611318
Coleby Low Fields,53.1325393,-0.5707064
Coleby Low Fields,53.1334175,-0.5865407
Colley Hill,53.3045317,-0.1200391
Common Lane Bridge,53.4483196,-0.5030714
Common Square,53.2213862,-0.4349559
Coney Garth,52.8285353,0.0415669
Coney Hill,52.9374376,-0.155199
Coningsby Field,53.0988279,-0.1596804
Coningsby Moor,53.0995599,-0.1457543
Conisholme Fen,53.4238894,0.073516
Conscience Hill,53.3791876,0.0534731
Cook's Lock,52.9701116,-0.0447868
Cooling's Bar,52.6963965,-0.1785841
Cooper's Corner,52.7239788,0.0895565
Copper Hill,52.9664755,-0.5430331
Corbet Hill,53.1101734,-0.1707593
Corby Pasture,52.8166955,-0.5183962
Corby Pasture,52.8178196,-0.5116769
Corporation Point,52.9554056,0.0052874
Corringham Scroggs,53.4182922,-0.7305935
Costa HIll,52.9948043,-0.7630562
Costard Hill,53.1882377,0.2397572
Counter Drain Washes,52.7556036,-0.2811027
Counter Drain Washes,52.7678797,-0.2617176
Covill's Strip,53.1238752,-0.0612617
Cow Bridge,52.8673469,-0.2339665
Cow Bridge,52.9169457,-0.2191338
Cow Bridge,52.9328553,-0.2062404
Cow Pasture,52.6797044,-0.4074305
Cow Pasture,53.4848719,-0.639243
Cow Pasture,52.7075563,-0.3723765
Cow Pen,52.7211285,-0.5145896
Cowbit Common,52.7476856,-0.1736805
Cowbit Fen,52.7312532,-0.1241918
Cowbit Fen,52.7171758,-0.1284674
Cowbit Wash,52.7676723,-0.1651316
Cowbit Wash,52.7492633,-0.1585679
Cowbit Wash,52.7355306,-0.1354362
Cowbridge Business Park,53.0130661,-0.0215532
Coxey Hills,53.3455791,-0.0068363
Coy Bridge,52.7295631,0.008054
Crabs' Hole,52.8265267,0.2146909
Craggs Cott,52.7589836,0.0516503
Cranmore,52.6725685,-0.2518104
Creasey Plot,52.962321,-0.1629675
Cressy Bridge,52.8570016,-0.1811406
Croft End,53.1476042,0.2352105
Croft Marsh,53.1092792,0.3218567
Croft Marsh,53.1143035,0.2906454
Croft Marsh,53.1216002,0.2969266
Croft Marsh,53.1236657,0.3254715
Crook Bank,53.3637639,0.2356209
Cross Lane Bridge,53.414041,-0.4728785
Crossgate Field,52.7416899,0.1280786
Crosslane Farm,52.8217811,-0.2024306
Crow's Plantation,53.0861427,0.1175482
Crowland Common,52.6723259,-0.2114231
Crowland Common,52.6906886,-0.2034323
Crowland Falls,52.6979069,-0.1602136
Crowland Fodder Lots,52.6926427,-0.1737364
Crowland Fodder Lots,52.7123823,-0.1575507
Crowland Fodder Lots,52.71883,-0.1413704
Crowland High Wash,52.6717153,-0.1926226
Crowland Low Wash,52.6825725,-0.1758072
Croxby Top,53.4723724,-0.2370432
Cuckoo Bridge,52.7687218,-0.213994
Culverthorpe Park,52.9493794,-0.482011
Cumberland,53.0968348,-0.5251732
Cumberland Field,52.8165219,-0.4976451
Cumberworth Ings,53.229342,0.2520039
Cumberworth Ings,53.2320239,0.241063
Cut Drain Bridge,52.976562,-0.0442108
Cutaway Nook,53.4463966,0.1148556
Cutley Bridge,53.5018868,-0.3983702
Dalby Bar,53.2167938,0.1029123
Dalderby Lock,53.1761473,-0.1361957
Dales Bridge,53.1250543,-0.2470867
Dales Head Bridge,53.1396753,-0.2555005
Damford Grounds,53.0464615,-0.249338
Danby Hill,53.2573121,-0.5009526
Danes Hill,52.7230767,-0.4775632
Dartmouth Point,52.7367735,-0.5112247
Deadmen's Graves,53.2252457,0.1623644
Deborah Gowt,53.1197016,0.2291368
Decoy Bridge,53.1165217,-0.2447878
Decoy Outfall,52.8926492,0.0474541
Deepdale,53.0278702,-0.4003497
Deeping Common,52.6928931,-0.2776087
Deeping Common,52.6644434,-0.243422
Deeping Fen,52.7364888,-0.1965418
Deeping Fen,52.7424369,-0.302012
Deeping Fen,52.7455819,-0.25766
Deeping Fen,52.7721453,-0.2391389
Deeping Fen,52.7032398,-0.2443324
Deeping Fen,52.671358,-0.2185372
Deeping Fen,52.6962898,-0.19739
Deeping Fen,52.7216249,-0.1469133
Denton Bridge,52.898877,-0.7140068
Denton Park,52.8757204,-0.7279627
Denton Wharf,52.8990653,-0.7150255
Devil's Square,53.2760616,0.1408286
Dickon Hills,53.0854581,0.1409575
Digby Fen,53.0795525,-0.3242775
Dock Furrows,52.7931099,-0.380361
Doddington Littlegate,53.0171812,-0.6956081
Dog Island,53.3965108,-0.7783375
Donington High Bridge,52.9052849,-0.2568269
Donington Shoff,52.8932258,-0.2288584
Donington South Ing,52.8894249,-0.2197189
Donington South Ing,52.8919006,-0.2093725
Donington Up Fen,52.8981491,-0.2160043
Donington Up Fen,52.8991519,-0.2269142
Donington Up Fen,52.9000078,-0.2164391
Donna Nook,53.4733156,0.1501702
Dorrington Fen,53.0677242,-0.3278271
Dosdale Bar,52.6722843,-0.1029903
Double Hills,53.4153472,-0.7645386
Double Tunnel Bridge,53.4625374,-0.0211276
Dowsby Fen,52.84952,-0.307814
Dowsby Fen,52.8563067,-0.3178057
Dowsby Fen,52.8438543,-0.278603
Dowsdale,52.6739465,-0.0985341
Drabbles Hill,53.4967143,-0.4045863
Drummer's Bridge,52.8548785,-0.1917454
Dunham Dubs,53.2529612,-0.7730567
Duns Dike Bridge,53.1709451,-0.2933211
Dunsby Fen,52.8246215,-0.2828164
Dunsby Fen,52.8246983,-0.3223611
Dunstall,53.4332217,-0.6598615
Dunston Dale,53.3160217,-0.6819623
Dunston Heath,53.1473923,-0.4540821
Dunston Heath,53.1503354,-0.4260211
Dunston Pillar,53.1452675,-0.4929133
Dunton Field,52.7312548,0.0966503
Dyke Fen,52.7880233,-0.2889678
Dyke Fen,52.7886396,-0.3188325
Eagle and Thorpe Crossing,53.1855204,-0.6678857
Eagle Barnsdale Crossing,53.1787515,-0.685066
Earl Marsh,52.8964011,-0.0224526
Earl Marsh,52.8877295,-0.016415
Earl's Bridge,53.3269673,0.2188751
Earlsfield,52.8280008,-0.0408259
East Field,53.1601652,0.1743423
East Field,52.9869356,-0.4158668
East Field,52.7103032,-0.3364552
East Field,52.7136545,-0.3458062
East Field,52.6674928,-0.3488699
East Firsby,53.3621131,-0.4665896
East Gate,53.500343,-0.4236483
East Keal Bridge,53.1330659,0.0658507
East Keal Fen Side,53.1332726,0.0671889
East Leam,52.7792788,0.0829951
East Low Grounds,52.9425862,-0.1847735
East Ravendale Park,53.4771485,-0.1369051
East Trent Junction,53.3849975,-0.7806054
Eau Bank End,53.4550077,0.1186813
Eau Meet,53.4078131,0.0721209
Edlington Moor,53.1634253,-0.2292635
Eleven Greens,53.3922212,0.1022794
Elkington Cow Pasture,53.3662248,-0.0279398
Elysian Fields,52.9474888,-0.0184216
Enderby Sand Holes,53.1688497,0.0494053
Ewerby Fen,53.0210269,-0.2893721
Ewerby Fen,53.0211967,-0.2813361
Ewerby Waithe Common,53.0312463,-0.2911317
Fall's Bridge,52.6637257,-0.1195883
Fanthorpe Nooking,53.3778763,-0.0307536
Far Cattle Holme,52.9757363,-0.1850672
Far Field,52.6816582,-0.3526367
Far Hill,52.9777106,-0.6370034
Far Wharf,53.2304892,-0.5504663
Farlesthorpe Fen,53.2474782,0.2319704
Farlesthorpe Fen,53.2524949,0.2249323
Farm Villa,53.1583642,0.1417319
Faunt Bridge,53.038245,0.0813646
Featherwell Row,52.7944324,-0.4448476
Featherwell Spring,52.7958591,-0.4411157
Fen Bridge,53.4306073,0.0582003
Fen Bridge,53.1444359,0.1264506
Fen Bridge,52.6794277,-0.1829334
Fen End,52.902194,-0.2110663
Fenside,53.1028289,0.012304
Fenside,52.9996324,-0.2524767
Fenside,53.1409027,0.1505015
Ferry Hill,53.232165,-0.3733633
Festival Square,52.7429348,0.0647289
Fielding's Gorse,53.2779442,-0.2469058
Fillingham Park,53.3625272,-0.5590841
Fir Hill,53.3239407,0.0407282
Firsby Clough,53.1311951,0.1854675
Firsdale,53.1422147,-0.14682
First Cattle Holme,52.9663374,-0.1784368
First Field,52.6736765,-0.3506708
First Field,52.6766823,-0.3401817
Fishmere End,52.9217941,-0.0991404
Fiskerton Fen,53.2378702,-0.3791339
Fiskerton Moor,53.2508925,-0.4038741
Five Acre Park,52.8538048,-0.2433473
Five Lane Ends,53.2467865,-0.6744788
Five Willow Wath Bridge,53.0049712,-0.2342091
Fivehundred Acres,53.4668801,0.1412645
Fleet Fen,52.7027937,-0.0219395
Fleet Fen,52.7144053,-0.0012512
Fleet Fen,52.720814,-0.0076267
Fleet Fen,52.7380969,0.007237
Fleet Hurn Fields,52.8097157,0.0567666
Fleet Marsh,52.8157496,0.0836447
Fletland,52.7142842,-0.3661739
Flint Hill,53.2716815,-0.095924
Flood Arches,53.3945947,-0.7871958
Folly Hill,53.4386178,-0.4074823
Folly Hill,52.9824383,-0.7810499
Folly Lane Corner,53.0935481,-0.0168751
Fore Fen,52.9529041,-0.1261153
Fosdyke Fen,53.0283957,-0.1453198
Foster's Bridge,53.2177257,-0.4353253
Fotherby Top,53.4036749,-0.0572626
Four Acres,53.0874698,-0.7075878
Four Mile Bar,52.7209009,-0.1434518
Fox Dale,53.5300305,-0.2909563
Foxendale,53.2593643,-0.0901787
Frampton Marsh,52.9175032,0.0030876
Frampton Marsh,52.9259227,0.014758
Frampton Marsh,52.9306809,0.0261552
Freeman's Bridge,52.8093755,0.0026975
Freiston Bridge,52.9764741,0.0355102
Freiston Ings,53.0135958,0.0303912
Freiston Low,52.9053494,0.0011466
Freiston Low,52.9366473,0.0780079
Freiston Low,52.9424025,0.0795354
Freiston Shore,52.937774,0.0828527
Freiston Shore,52.9499986,0.0774465
Friest Field,52.9198968,-0.1925076
Frieston Green,53.0186407,-0.6011343
Friskney Eaudike,53.0831896,0.1898975
Friskney Low Ground,53.075744,0.1580267
Friskney Low Ground,53.0612875,0.1527089
Friskney Low Ground,53.0646308,0.1667544
Friskney Low Ground,53.0747959,0.1714284
Friskney Marsh,53.0614417,0.201704
Friskney Middle Outfall,53.0494632,0.2077093
Friskney North Outfall,53.0681509,0.2320184
Friskney South Outfall,53.0412596,0.1962542
Friskney Tofts,53.0625879,0.1793682
Frog Hall Bridge,53.048325,-0.1298766
Froghall Carrs,53.536608,-0.4644231
Fulbeck Heath,53.0421572,-0.5423935
Fulbeck Heath,53.0359803,-0.5571321
Fulbeck Low Fields,53.0381828,-0.6193865
Fulbeck Low Fields,53.0469534,-0.6206437
Fulsby Lock,53.1317489,-0.1471345
Fulstow Bridge,53.4624786,0.024101
Fulstow Top,53.4645996,-0.0241737
Furze Hill,53.1883179,-0.218952
Furze Hill,53.3307043,-0.6384375
Furze Hill,53.5106612,-0.0367806
Furzehill,53.2767599,0.2192519
Gale Fen,53.0672265,-0.3072856
Galley Hill,52.7950078,-0.4361569
Galley Hill Bridge,53.005353,-0.4146693
Gallows Dale,53.318556,-0.6885352
Garwick,52.9841181,-0.2472513
Gayton Top,53.3260647,0.1257667
Gayton Top,53.3598476,-0.1175664
Gedney Fen,52.7778224,0.0685342
Gedney Fen,52.789461,0.0953265
Gedney Fen,52.7552326,0.0542653
Gedney Marsh,52.8348604,0.1689877
Gedney Marsh,52.8596568,0.1349962
Gedney Marsh,52.8388406,0.1412383
Geest Point,52.9673424,-0.018508
Giants Hills,53.21665,0.1396746
Gibbet Fen,52.9037427,-0.2267024
Gibbet Hill,53.3660175,-0.3828463
Gibbet Hill,53.2081872,0.066768
Gibbet Hill,52.8688963,-0.6372377
Gibbet Hills,52.9725544,-0.1981391
Gibbet Nook,53.1134574,-0.157062
Gibraltar Farm,53.0980848,0.3178692
Gibraltar Point,53.0957994,0.3261359
Gill Bridge,53.0133647,-0.1513747
Gipsey Lane Bridge,53.3582393,-0.6425566
Girsby Park,53.3650415,-0.1713947
Girsby Top,53.3731105,-0.1730315
Girsby Vale,53.3759777,-0.1773477
Goddard Hill,53.3000384,-0.2380593
Golden Gates,53.2225596,-0.6245666
Gonerby Moor,52.9493879,-0.6810661
Gonerby Moor,52.9515087,-0.6568814
Gonerby Moor,52.9583866,-0.6827669
Goose Field,53.2780753,0.1665788
Gorse Hill,52.940956,-0.3603294
Gorse Hill,52.9304799,-0.5254698
Gorse Hill,52.7892939,-0.5115089
Gorse Hill,52.9403484,-0.3696199
Gorse Lawn,52.9149208,-0.6212252
Gosberton Fen,52.8567908,-0.1403751
Gosberton Fen,52.8440338,-0.2077549
Gosberton Fen,52.8437883,-0.2315167
Gosberton Fen,52.857516,-0.1505463
Gosberton High Fen,52.8511425,-0.259924
Gosberton High Fen,52.8588104,-0.2625974
Gosberton Marsh,52.8722786,-0.1215135
Gosberton Marsh,52.8808184,-0.1447448
Gosdale Closes,52.8725382,-0.313982
Gospel Hill,53.2846995,-0.2112477
Grainsby Bridge,53.4732162,-0.0664033
Grainthorpe Fen,53.4432126,0.0692268
Grainthorpe Haven,53.4852294,0.101525
Grange Bridge,53.0782888,0.0014155
Grange Park,53.1639414,-0.1737831
Grangehill Corner,52.7142219,0.0446419
Grant Thorold Park,53.5654138,-0.0636328
Grasby Bottoms,53.5460653,-0.3308834
Gravel Field,53.0028028,-0.1651901
Gravel Hills,53.0880397,-0.2873505
Grayingham Cliff,53.4474348,-0.5748499
Great Brand End Plot,52.9653871,-0.2096229
Great Fen,52.9809431,-0.0975185
Great Field,53.1067428,0.2276199
Great Grimsby Business Park,53.5826278,-0.1226251
Great Hale Fen,52.9715883,-0.2093462
Great Hale Fen,52.9705973,-0.2350524
Great Holme Field,53.1911295,0.2415416
Great Maidens,52.6840209,-0.416245
Great Park,53.2287493,-0.252176
Great Postland,52.668913,-0.1268629
Great Postland,52.6781943,-0.1543848
Great Postland,52.6898348,-0.1150718
Great Postland,52.701297,-0.0735873
Grebby Park,53.1962345,0.144419
Green Hill,53.1094953,0.2412981
Green Hill,52.9361094,-0.4247702
Greenacres Park,53.2092426,-0.0991091
Greens Marsh,53.0525938,0.1860314
Greetwell Hollow,53.238469,-0.49999
Greetwell Junction,53.2231181,-0.5106147
Gresswell's Bridge,53.1234828,0.199058
Greylees Pits,52.991618,-0.4499874
Gride Bridge,53.0311686,0.0619615
Grimoldby Ings,53.3875876,0.123083
Grimsby Field,53.5547604,-0.114999
Grimsthorpe Park,52.7716615,-0.473213
Grub Hill,53.2317507,-0.3685103
Guanock Corner,52.7120474,0.0397081
Guildhall Springs,52.9997748,-0.4275475
Gunby Dale,52.7860964,-0.6392361
Gunby Park,53.1790176,0.1907352
Guthram Gowt,52.786518,-0.2627762
Guthram Gowt Bridge,52.7872759,-0.2641815
Habrough Junction,53.6084457,-0.280809
Hacconby Fen,52.8101908,-0.3259676
Hacconby Fen,52.8143854,-0.3080325
Hacconby Fen,52.8150313,-0.2759829
Hackthorn Cliff,53.3192575,-0.5183899
Hackthorn Park,53.3282649,-0.5164362
Hagnaby Fen,53.1171626,0.0018107
Hainton Park,53.3398597,-0.2299476
Hakerley Bridge,53.0571488,-0.0287487
Hale Bridge,53.037397,0.00056
Halfpenny Hatch,53.0380363,-0.2851703
Hall Close,53.0059823,-0.6236306
Hall Farm Park,53.4661065,-0.4212227
Hall Hills,52.9966912,-0.0483515
Hall Meadow,52.6868464,-0.2787091
Hall's Hill,53.2970951,-0.1132483
Hall's Hill,52.9120527,-0.6178274
Hallholme Bridge,53.423701,0.13724
Hallington Top,53.3569514,-0.0752192
Haltham Lock,53.1561666,-0.1440884
Haltoft End Bridge,52.9853232,0.0331029
Halton Holegate Fen,53.1351232,0.1255967
Halton Ings,53.1401624,0.1219937
Hambleton Bridge,52.9583207,-0.6221662
Hambleton Hill,52.959872,-0.6301459
Hameringham Hill,53.1739603,-0.0487878
Hameringham Top,53.1757298,-0.0394123
Hand Puddle Hole Bridge,53.3577695,0.2112666
Hanging Dales,53.5489709,-0.2276073
Hangman's Corner,53.2052499,-0.1140984
Hardcrust,52.9499404,-0.4067154
Harden's Gap,53.2501181,0.0257873
Hardwick Hill,53.4866859,-0.7364687
Hardwick Plot,52.96001,-0.1406961
Hareby Sands,53.1772046,0.0018467
Harehill's Bridge,53.1403272,0.1018793
Harlam Hill,53.4370156,-0.4675854
Harlaxton Bridge,52.8946138,-0.6901126
Harlaxton Wharf,52.8944853,-0.6928231
Harmston Field,53.1412888,-0.569217
Harmston Heath,53.1476023,-0.5216051
Harmston Heath,53.149401,-0.4996875
Harmston Low Fields,53.1510475,-0.5739408
Harmston Low Fields,53.1451496,-0.5824662
Harmston Park,53.1477328,-0.5550372
Harps Bridge,53.3670093,0.2196355
Harring Hill,53.2104374,-0.3147947
Harrington Hill,53.2334391,0.0494171
Hart's Grounds,53.055013,-0.2065188
Hatton Bridge,53.2723359,-0.2526707
Hatton Sykes,53.2557895,-0.2666641
Haven Bank,53.0371491,-0.1385209
Haven Bridge,52.9747017,-0.0238988
Haverholme Park,53.0279219,-0.3477145
Haverstoe Park,53.5505075,-0.0282903
Hawerby Park,53.4629815,-0.1023462
Heapham Cliff,53.3836269,-0.6513566
Heckington Fen,52.9864756,-0.2384093
Heckington Fen,52.995161,-0.2313687
Heckington Fen,52.9952733,-0.2064422
Heckington Tunnel,53.0326723,-0.2809115
Helpringham Fen,52.9307698,-0.2711396
Helpringham Fen,52.9465289,-0.2854001
Hemholme Bridge,53.1068586,0.0990407
Hemswell Cliff,53.4129298,-0.5813838
Herons Grove,53.0270478,-0.3530001
Hewitt's Circus,53.5414657,-0.0461148
Heydor Warren,52.9503623,-0.5325689
High Bibers,53.273102,0.1875832
High Bridge,53.3697201,0.1895106
High Bridge,53.408899,0.0670253
High Bridge,52.9592072,-0.1765552
High Cross Gowts,53.4227211,0.1763163
High Green,52.935149,-0.1532135
High Ingleby,53.2947363,-0.6892654
High Ridge,53.1776935,-0.20462
High Road Barrowby,52.9168008,-0.6673547
High Spring,53.1281178,-0.7120868
Hill Field,52.6832644,-0.4007923
Hill Marsh,52.8365323,-0.1184259
Hill Rise,53.4813885,-0.2707804
Hill Six Acres,52.901449,-0.062285
Hill-Dyke Horn,53.0270098,0.0035296
Hills and Holes,53.2544053,-0.0650656
Hob Hole,52.9386523,0.0284752
Hoe Hills,52.8580476,-0.3434462
Hog Pit Hill,53.5333118,-0.1841058
Holbeach Drove Common,52.6849846,-0.0678019
Holbeach Fen,52.7791975,-0.0024571
Holbeach Fen,52.784235,0.0073365
Holbeach Fen,52.7406074,-0.0139204
Holbeach Marsh,52.8688449,0.101271
Holbeach Marsh,52.8350168,0.038323
Holbeach Marsh,52.8261105,0.0838722
Holbeach Marsh,52.8363222,0.0006355
Holbeach Marsh,52.8682458,0.0444597
Holbeach Tech Park,52.8096478,0.0128201
Holland Fen,53.0141168,-0.1612168
Holland Fen,52.9673859,-0.1260412
Hollytree Farmhouse,53.1587985,0.1351309
Holme Hill,53.2717049,-0.2946668
Holmes Bridge,53.4410762,-0.5031609
Holmes West Junction,53.2307157,-0.5591162
Holt Hills,52.9571287,-0.2163893
Holton Park,53.4654932,-0.3642563
Home Farm,52.9486496,-0.7009076
Home Parks,52.7923959,-0.4605731
Homestead Park,53.6231058,-0.2159213
Honeyholes,53.2977596,-0.4800326
Honington Heath,52.9717298,-0.5807788
Hook Cliff,52.9428373,-0.6645096
Hop Hill,53.1537306,-0.6124686
Hoplands Bridge,53.0014009,-0.3969087
Horbling Fen,52.8966211,-0.2778896
Horbling Fen,52.8997243,-0.3093065
Horbling Fen,52.9048642,-0.2878243
Horbling Fen,52.9080021,-0.3065087
Horncastle Golf and Country Club,53.2385868,-0.1318736
Horncastle Lock,53.1976296,-0.1207419
Hornsey Hill,53.4758421,-0.7471526
Horse Holmes,52.6587782,-0.3781743
Horse Marsh,52.6638203,-0.3693001
Horse Shoe Point,53.4948144,0.0818623
Horseshoe Bridge,52.6483022,-0.177015
Horseshoe Brige,52.7738786,-0.1952251
Horsington Holmes,53.1823471,-0.2668257
Hospital Bridge,52.9851591,-0.0185248
Hough Bridge,53.0731313,-0.1381781
Howdales,53.3964246,0.1319907
Howell Fen,52.9977813,-0.2988914
Howell Fen,53.0057532,-0.2834145
Hubbard Hill,53.1401237,0.1180114
Huckerby,53.4341121,-0.6483919
Hundleby Springs,53.1773206,0.0695615
Hundred Acres,52.9560237,-0.5837207
Hundred Fen,52.8713573,-0.2524925
Hunger Hill,53.16438,0.1802512
Hungry Hill,53.1586105,-0.005573
Hurn Bridge,53.0716493,-0.1861721
Hurn Corner,52.9553602,-0.3768842
Huttoft Bank,53.2761637,0.3110204
Hykeham Bridge,53.1750582,-0.571485
Imber Hill,53.3020393,-0.1174473
Immingham Dock,53.6288854,-0.1878728
Immingham Port,53.6277325,-0.1922155
Ing,52.9260216,-0.2051298
Ing Lanes,53.4317928,0.1162172
Ings Bridge,53.1434046,0.1202908
Ings Bridge,53.0073627,0.03689
Ings Lock (dis.),53.4775938,-0.4512752
Inholms,52.710068,-0.3509392
Inklow's Hollow,53.0657314,-0.3716785
Irby Dales,53.524526,-0.203816
Irnha Park,52.8250557,-0.49034
Irnham Pasture,52.8102964,-0.4765717
Irnham Pasture,52.816199,-0.4772154
Jarvis Hill,53.4304144,-0.7854926
Jerry's Bog,53.4765688,-0.7237302
Jervis Bridge,53.4732431,-0.3983743
Jobson's Bridge,52.7876666,-0.1901981
Jordan's Bridge,52.770719,-0.2060278
Journeys End,52.7636071,-0.0911087
Joy Hill,53.0344999,0.1209814
Judy Cross,52.8862121,-0.1684509
Keal Bank,53.1270455,0.0295202
Keal Bridge,53.127498,0.04433
Keddington Corner,53.3852762,0.0377474
Kelsey Bridge,53.0006462,-0.0049758
Kennington Cliff,53.4239259,-0.5767906
Kent's Bridge,53.1206712,0.1051557
Kenwick Bar,53.3414264,0.0073057
Kenwick Park,53.3431425,0.0249537
Ketland Hill,53.229171,0.0524569
Killingholme Haven,53.6383369,-0.2036069
Killingholme Marshes,53.6526195,-0.2279324
Kiln Lane Trading Estate,53.6073578,-0.1683989
King's Hall Park,52.7726624,-0.0557961
King's Hill,53.0562329,0.107998
King's Hill Close,53.2200809,-0.3225811
Kingston's Bridge,52.8492752,-0.2756238
Kirk Hill,53.4210145,-0.3970818
Kirk Vale,53.3744431,-0.0597749
Kirkby Bridge,53.12758,-0.0093806
Kirkby Fenside,53.1306653,-0.0167054
Kirkby Hill,53.1583427,0.000003
Kirkby Moor,53.1511207,-0.1784207
Kirkstead Bridge,53.1430179,-0.2431155
Kirkstead Wharf,53.1446491,-0.2438272
Kirmond Top,53.402424,-0.2210591
Kirton Fen,53.0093354,-0.1435545
Kirton Marsh,52.909382,0.0140691
Kirton Marsh,52.9144369,-0.0036256
Kirton Meeres,52.9288563,-0.078366
Kirton Meeres,52.9428096,-0.0894742
Knaith Park,53.3525629,-0.7489083
Knight's Bridge,52.9617576,-0.1208811
Kyme Pits,53.0649135,-0.2994741
Laceby Acres,53.5521074,-0.141021
Lade Bank Bridge,53.0707587,0.0574879
Lady's Hole Bridge,53.184884,-0.2622561
Ladyland,52.9285421,-0.1194337
Lambcroft,53.4106836,-0.1010951
Lambert Bridge,52.6925241,-0.0355624
Lammas Close,52.6698464,-0.3517676
Lancaster Business Park,53.1425197,0.0011638
Langtoft Fen,52.7060067,-0.3074724
Langtoft Fen,52.714953,-0.2936665
Langtoft Fen,52.720799,-0.3001982
Langton Bridge,53.2833112,-0.286616
Langton Hill,53.2082376,-0.1341314
Langton Hill,53.2614117,-0.2669637
Langton Scrubbs,53.2679462,-0.2994451
Langton Wood,53.2689166,-0.2872492
Langworth Bridge,53.2760354,-0.4032146
Laughterton Marsh,53.2770031,-0.7661356
Laughton Common,53.4612418,-0.7505017
Laughton Lodge,53.4791441,-0.7294405
Lea Park,52.9762461,-0.0115037
Leadenham Heath,53.0547929,-0.5445795
Leadenham Low Fields,53.0616702,-0.6135764
Leadenham Mills,53.0681163,-0.6287165
Leadenham Park,53.0542264,-0.5891429
Leake Fold Hill,53.0464533,0.0952194
Leake Gride,53.0294996,0.0683752
Leake Gride Bridge,53.0324742,0.0465212
Leake Ings,53.0412887,0.0652293
Leasingham Moor,53.0233793,-0.3999826
Legbourne Furze,53.3582045,0.0629145
Leverton Ings,53.0305257,0.0587288
Leverton Ings,53.0229619,0.0628733
Limber Double Gates,53.5679136,-0.3034025
Limber Hill,53.5497081,-0.2569902
Linch Field,52.6818346,-0.2952247
Lincoln Enterprise Park,53.1690901,-0.630806
Lincoln Hill,53.0020605,-0.7442352
Lindall,53.1824287,-0.1889592
Ling Moor,53.1630905,-0.6937466
Ling Spot,53.3265169,-0.3445259
Linwood Moor,53.1313462,-0.3380933
Linwood Warren,53.3732419,-0.2989483
Little Brand End Plot,52.9598967,-0.2124769
Little Common,52.8286027,-0.0011663
Little Field,52.6890399,-0.3996712
Little Gayton,53.3587245,-0.1532122
Little Hale Fen,52.9410905,-0.2551703
Little Holme Field,53.1842854,0.2376649
Little London Bridge,52.7751066,-0.1589024
Little Maidens,52.6857492,-0.4214151
Little Meadow,52.6617277,-0.3566775
Little Oxcombe,53.2712762,-0.0198565
Little Postland,52.7031927,-0.0566977
Little Steeping Fen,53.1328749,0.1484055
Little Wisbeach,52.8671765,-0.3300755
Littleworth Bridge,52.9980752,-0.2202895
Loft's Bridge,53.2203719,0.2930274
Long Meadow,52.7330716,0.1182684
Longlands,53.3347909,0.1910634
Longmoor Bridge,52.9061364,-0.7362608
Look in Gowt,53.1951209,0.2952855
Lordship End,52.6659253,-0.0334606
Louth Park,53.3747235,0.0269212
Lovers' Walk,52.842052,-0.6347735
Low Field,53.4755048,-0.6358513
Low Fulney Estate,52.7817018,-0.114838
Low Grounds,53.100966,0.2065289
Low Grounds Bridge,53.1263646,-0.075809
Low Knowles,53.2214518,-0.0087251
Low Spring,53.1279292,-0.7081754
Lower Furze Hill,53.3268186,-0.6351126
Lowfields,53.2148887,-0.2941444
Lowgate Bridge,52.8782255,-0.1489981
Lowgate Field,52.7355623,0.1210624
Luck's Bridge,52.7560648,-0.1745949
Ludborough Vale,53.4325375,-0.0603331
Lumpsey,52.8524561,-0.6171837
Lush's Bridge,53.0186353,-0.0246734
Lutton Gowts,52.801612,0.1297379
Lutton Marsh,52.7955017,0.1313374
Lutton Marsh,52.8145254,0.1590404
Lutton Marsh,52.8163486,0.1399944
Lymn Bank Crossing,53.1323275,0.1918543
Lyndon Business Park,53.2027309,-0.6083643
Magtree Hilll,53.2428144,-0.6452887
Maize Hill,52.7822581,-0.4562591
Malborough Fen,53.1412689,-0.5927142
Malcolm Arms Bridge,53.0092765,-0.063687
Mallard Hurn,52.8936915,-0.2497862
Mallard Hurn,52.9017362,-0.2528684
Mallard Ings,53.4127117,0.1918857
Manchester Gardens,52.9088051,-0.1956987
Mandike Bridge,52.895357,-0.0605071
Manor Hill Corner,52.7328701,0.0834505
Manthorpe Bridge,52.7322899,-0.4201303
Mareham Gate,53.1234352,-0.0861984
Mareham Moor,53.1297181,-0.1088206
Mareham Moor,53.1272159,-0.0946184
Market Bridge,53.2761149,-0.1437316
Markham Retail Park,52.6622041,-0.4649053
Marsh Yard,53.2725749,0.3152762
Marshchapel Ings,53.4597171,0.0488469
Martin Bridge,53.1786323,-0.1436803
Martin Lock,53.1844067,-0.130949
Martin Moor,53.1662141,-0.1752767
Martin Moor,53.1232336,-0.3364514
Martin Moor,53.1279791,-0.3348442
Marwald Field,52.73567,0.1133429
Mary Land,53.0195857,-0.204739
Mary Land,53.0292464,-0.2190166
Maryland Locks,53.0077908,-0.1791144
Mastin's Bridge,52.9980551,0.0069101
Mavis Enderby Crossroads,53.1791374,0.0475622
Meadow Field,52.6994604,-0.3805989
Meadow Field,52.7043969,-0.3719902
Meardsall Crossing,53.1678399,-0.705366
Medlam Bridge,53.0933245,-0.0297687
Meers Bridge,53.3503753,0.2300375
Melbourne's Hill,53.2180341,-0.0161555
Melholme,53.4087836,0.0832469
Mere Hill,53.5810546,-0.3124131
Metheringham Barff,53.148122,-0.3753833
Metheringham Barff,53.1442372,-0.3543555
Metheringham Heath,53.1266028,-0.4710877
Metheringham Heath,53.1385533,-0.4262136
Metheringham Low Fields,53.150087,-0.3940396
Metheringham Moor,53.1407809,-0.379933
Mickle Holmes,52.6608029,-0.3685047
Mickleberry Hill,53.2366697,0.2884242
Mickling Barf,53.505158,-0.1503652
Mickling Gardens,52.9210186,-0.4155658
Midden Hill,53.1311169,-0.1299353
Middle Fen,52.9712215,-0.1024957
Middle Fen,52.9229099,-0.2232406
Middle Field,52.6752503,-0.3551175
Middle Field,52.6975134,-0.3781309
Middle Field,52.7500107,0.1331149
Middle Marsh,53.1465681,0.2983923
Miles Cross Hill,53.2489725,0.1477133
Milking Bridge,52.8416119,-0.3799177
Milking Hill,52.9279651,-0.1872714
Milkinghill Field,52.9280888,-0.1915625
Mill Bridge,53.4279535,0.13724
Mill Field,53.4311685,0.1448118
Mill Field,53.4340764,0.1442378
Mill Green,53.4450778,0.1132621
Mill Green,52.7948078,-0.1795461
Mill Grounds,53.1629099,0.1273606
Mill Hill,53.222856,0.1717214
Mill Hill,53.2250891,0.3107968
Mill Hill,53.2406764,0.2490209
Mill Hill,52.7788093,0.1322145
Mill Hill,52.943595,-0.1805185
Mill Hill,53.3737094,-0.2585522
Mill Hill,53.2997586,0.2300378
Mill Hill,53.2770614,-0.7567166
Mill Hill,53.3994372,-0.5042996
Mill Hill,53.4039215,-0.0287047
Mill Hill,53.6208865,-0.2610318
Mill Hill,53.383551,0.0813719
Mill Hill,53.4931659,-0.6803145
Mill Hill,53.490828,-0.4219293
Mill Hill,52.9995004,-0.7541248
Mill Hill Bridge,53.1338916,0.2045412
Mill Marsh,52.8303824,-0.0471724
Mill's Bridge,53.0808717,-0.0953447
Millam's Hill,53.2207609,-0.0210008
Millfield,53.1538959,-0.3968141
Minting Park,53.243648,-0.2734545
Mob's Eye,53.0091699,-0.1791762
Money Bridge,52.813644,-0.1989234
Monks Garth,53.4276892,-0.5977271
Monksthorpe Field,53.175134,0.157018
Moor Barn,53.0209841,-0.6344888
Moor Bridge,53.3557055,-0.6445017
Moor Closes,52.982774,-0.5414848
Moor Side,53.1030934,-0.1404072
Moorhouses Bridge,53.0987837,-0.0897116
Moortown Park,53.4833654,-0.3944226
Morton Carr,53.4260861,-0.7907725
Morton Fen,52.7969464,-0.3203005
Morton Fen,52.8002372,-0.2825761
Morton Moor,53.1656447,-0.6771736
Morton Point,53.4141062,-0.7909095
Moulton Common,52.8402439,-0.0330094
Moulton Common,52.8537116,-0.0462029
Moulton East Fen,52.7124873,-0.0693946
Moulton Fen,52.7363284,-0.0873423
Moulton Marsh,52.8403754,-0.0724753
Moulton Marsh,52.8459377,-0.051657
Moulton Marsh,52.8593039,-0.0378027
Moulton Park,52.804815,-0.0614406
Moulton Sluice,52.8756453,-0.0022649
Moulton West Fen,52.7153206,-0.097355
Moulton West Fen,52.7213118,-0.0966845
Mount Lane Bridge,52.9821894,-0.3632074
Mount Pleasant,53.5708153,-0.253144
Mount Pleasant,53.3851979,-0.3506827
Mount Pleasant,53.4646655,-0.388685
Mount Pleasant,53.459184,-0.2923318
Mount Pleasant,52.8526962,-0.0495841
Mount Pleasant,52.8030865,-0.0807487
Mown Rakes,52.9878752,-0.1955923
Mulsanne Park,53.2616611,-0.481922
Musgrave's Bridge,53.1010977,-0.0055987
Nab Hill,53.2473102,-0.0420147
Naylor's Hills,53.2695397,-0.7523484
Naylors Nook,52.8244416,-0.0088541
Neatfold Hill,52.9386356,-0.3630735
Nellspur,53.2147417,0.0086615
Neslam Bridge,52.8768271,-0.2694671
Neslam Fen,52.8768963,-0.281274
Neslam Fen,52.8789448,-0.3087196
Nettle Hill,53.1690614,0.2792534
Nettleham Field,53.2609673,-0.5157134
Nettleham Heath,53.2782811,-0.4963546
Nettleton Bottom,53.4682719,-0.3093227
Nettleton Hill,53.4807493,-0.3344476
Nettleton Moor,53.4810839,-0.3414234
New Bridge,53.3895316,-0.4031357
New Bridge,52.8881445,-0.4004735
New Bridge,53.4765695,-0.4304627
New Cut Bridge,52.9097088,-0.2829416
New East Marsh,53.4548502,0.1642793
New England,53.2387508,0.001593
New England Business Park,53.1119335,0.2481763
New Field,52.7203458,-0.510155
New Lands,53.4037325,0.0912676
New Marsh,53.0275238,0.171004
New Marsh,53.0928882,0.2607726
New Marsh,53.0487665,0.2010914
New Marsh,53.0797633,0.2417347
New Marsh,53.1013701,0.2900451
New Marsh,52.8766107,-0.0308507
New Marsh,53.0710996,0.229774
New Pasture,53.3604459,-0.304371
New Sea Sluice,53.4843805,0.100573
Newball Common,53.2551528,-0.3722736
Newham,53.039163,-0.0846613
Newton Bar,52.9210583,-0.4519421
Newton Cliff,53.2502256,-0.7687135
Newton Gorse,52.9178929,-0.4128866
Nine Pound Hole,53.2162081,-0.0140835
Nob Hill,53.3216801,-0.1288528
Nocton Heath,53.1593587,-0.4698036
Nocton Rise,53.1684378,-0.4386867
Norbury Hills,53.3600865,-0.7511089
Norcliff,52.9825494,-0.5155855
Norman Corner,53.5073295,-0.108115
Normanby Cliff,53.3767562,-0.535905
Normanby Dales,53.4454902,-0.2979505
Normanton Heath,53.011822,-0.5518189
Normanton Hill,53.0032326,-0.5757301
North Carlton Bridge,53.2848279,-0.610287
North End,53.3582167,0.2460113
North Fen,52.6638461,-0.1045063
North Fen,52.6654845,-0.0594072
North Field,52.9832604,-0.4361795
North Field,52.6919464,-0.3122469
North Gates,53.2574601,0.2855139
North Hill,52.9618397,-0.4893698
North Hills,53.0584839,-0.3623735
North Ing,52.9189018,-0.2353319
North Meadow,52.719232,-0.338602
North Meadow,52.7240126,-0.3413101
North Moss Lane Industrial Estate,53.6043618,-0.1742898
North Rauceby Heath,53.0132143,-0.5034912
North Scarle Field,53.1830038,-0.7395649
North Somercotes Fen,53.4258644,0.1037032
Northgate Mills,52.8175195,-0.178923
Northlands Bridge,53.0594513,0.0046839
Northmoor Park,53.5042905,-0.6682215
Northorpe Bridge,53.1792699,0.1179612
Northorpe Fen,52.7497238,-0.3377285
Norton Bottoms,53.1203125,-0.7012708
Nova Scotia Bridge,53.4059579,-0.332531
Nut Garth,53.4159386,-0.214319
Nutwalk Corner,52.7273973,0.0637057
Oak Bridge,53.1279291,0.2433992
Oaklands Park,53.1626828,-0.1742574
Oester Dale,53.2644525,0.0160894
Old Decoy,53.0892512,0.1615937
Old Eaudike,52.7396112,0.1443883
Old Field,52.7426782,0.1444618
Old Forty Foot Bridge,52.9084385,-0.2736794
Old Hills,52.7780159,-0.4599452
Old Leys,53.4213657,-0.5666974
Old Marsh,53.1001702,0.2537298
Old Marsh,53.0857808,0.2321828
Old River Bridge,53.0041747,-0.3929042
Oldmere Bridge,52.7783647,-0.0887935
Orby Marsh,53.1872183,0.2627544
Orby Marsh,53.1776268,0.2376915
Orchard Park,52.9697327,-0.1086677
Orford Bridge,53.4347233,-0.1912692
Osgodby Moor,53.4170191,-0.3644314
Otby Moor,53.4205352,-0.3255056
Otby Top,53.4407558,-0.2833166
Out Ings,53.3553588,-0.7694349
Outer Marsh,53.0487735,0.2148536
Outer Marsh,53.0718596,0.2460213
Outer Marsh,53.0892027,0.2777691
Oven Mouth Bridge,53.3753673,0.1324403
Overton's Corner,53.2087699,-0.1173076
Owersby Bridge,53.4227459,-0.3992689
Owersby Moor,53.4467063,-0.3687473
Owersby Top,53.4298384,-0.3759236
Owmby Cliff,53.3699631,-0.5313622
Ox Hole,53.375882,-0.0640367
Ox Pasture,53.3444585,-0.1486843
Ox Pature Bridge,53.254647,-0.6360852
Oxgangs,53.4601971,-0.3272548
Pachett's Bridge,52.6893298,-0.1102126
Palmers Nook,53.4439068,0.093374
Panton Park,53.306257,-0.2253759
Park Dikes,52.7998991,-0.4947029
Park Home Estate,52.7824811,-0.1198052
Park Plantation,53.2232264,-0.1478649
Parkgrounds Farm,52.7786145,-0.5574307
Parslins,52.6739662,-0.2869719
Parsonage Field,52.6867304,-0.3844931
Parsonage Field,52.7443488,0.1145502
Partney Bridge,53.1867174,0.0970636
Pastures Farm,52.7870794,-0.5560407
Patchett's Cliff,53.4180577,-0.590509
Paul's Bridge,53.0059908,-0.0226432
Peak Hill,52.7284288,-0.1266726
Peasam Hill,53.1995486,-0.0206808
Pebble Gate,52.7683189,-0.4643226
Pelham Street Junction,53.2247289,-0.5341798
Pelham's Lands,53.0543322,-0.1876099
People's Park,53.5563572,-0.0844585
Pepper Gowt Plot,53.0034787,-0.0531479
Perkin's Folly,52.7258216,-0.2982452
Peryton Park,53.5850634,-0.1274483
Petterhills,53.467904,-0.137251
Petticoat Bridge,52.8518856,0.0040317
Pheasant Hill,53.4200267,-0.7546046
Pick Hill Bridge,53.3868171,0.1017336
Pilford Bridge,53.3838436,-0.4437455
Pillar View,53.4466263,-0.1518388
Pin Hill,53.4877531,-0.7439224
Pinchbeck Bars,52.8055899,-0.2223232
Pinchbeck Common,52.7624452,-0.2227238
Pinchbeck Common,52.7758903,-0.226977
Pinchbeck Common,52.7765064,-0.2152419
Pinchbeck Fen,52.8060229,-0.2626328
Pinchbeck Fen,52.8103033,-0.2595224
Pinchbeck Marsh,52.8275529,-0.1203085
Pinchbeck North Fen,52.8013345,-0.2469583
Pinchbeck North Fen,52.8177954,-0.2537214
Pinchbeck South Fen,52.7872879,-0.2403353
Pinchbeck South Fen,52.7897596,-0.2153378
Pinder Bridge,53.057632,0.113327
Pinfold Bridge,53.1340636,-0.2393388
Piperdam Bridge,52.8961151,-0.3564613
Pit Field,52.6845861,-0.33702
Pleasant Place,53.3468916,0.2498801
Pocket Bridge,53.4359759,-0.1840186
Pode Hole Bridge,52.7822753,-0.2029774
Pointon Fen,52.8682873,-0.2844598
Pointon Fen,52.8711416,-0.3088524
Pond Meadow Toft,52.7440344,-0.4220295
Ponton Heath,52.8591372,-0.6582375
Ponton Heath,52.8595011,-0.6790942
Ponton Heath,52.8623001,-0.6716081
Ponton Heath,52.8628765,-0.6563627
Poolham Ings,53.1860043,-0.2136322
Port Sutton Bridge,52.7784559,0.1989044
Porter's Marsh,53.4651996,0.1222971
Pots and Pans,52.7722005,-0.4636789
Potter Hanworth Heath,53.1696374,-0.4624588
Potter Hill,53.1409193,-0.7276433
Potter's Hill,52.7583362,-0.5536951
Pottergate Pit,52.9909727,-0.5375181
Potterhanworth Heath,53.1756003,-0.4522034
Poucher's Bridge,53.1894394,-0.2464564
Praie Grounds,53.0502817,-0.2869266
Preston Fen,53.066586,-0.2867923
Priest Hill,53.2106978,0.0192394
Primrose Bank,53.0625142,0.1610614
Primrose Hill,53.2748397,-0.2953782
Primrose Hill,53.5822661,-0.2614143
Priors Meadow,52.6709165,-0.270983
Pyewipe,52.9263471,-0.1157356
Pyewipe,53.5837331,-0.1072991
Quadring High Fen,52.8738323,-0.2145246
Quadring High Fen,52.8740248,-0.2284875
Quadring Low Fen,52.8803637,-0.2517734
Quakers' Hill,53.2413426,0.3131873
Quarrington Fen,52.9965864,-0.4363292
Rabbit Hill,52.7845237,-0.5081346
RAF Faldingworth,53.353164,-0.4548622
RAF Nocton Hall (disused),53.1633766,-0.4079433
Rainford's Corner,53.4835215,-0.6892257
Raithby Bridge,53.1943278,0.0432919
Raithby Crossroads,53.1878344,0.0486618
Raithby Top,53.3459097,-0.0259448
Ranby Hill,53.2864197,-0.1699367
Rand Leys,53.2852707,-0.3523194
Randal Hill,52.9571677,-0.6006592
Ranson's Corner,53.1772042,0.2001567
Ranyard's Corner,53.2866647,-0.098465
Rauceby Park,52.9994152,-0.4679991
Ravens Wonder,52.7621135,0.0211378
Red Bridge,52.7900906,-0.4653063
Red Bridge,53.1692605,-0.2639855
Red Gowt,53.1963833,0.2969935
Red Hill,53.3081342,-0.1055073
Red Hill,53.3249455,-0.1293395
Red Hill,53.3435089,-0.7584661
Red Hill,53.3888495,-0.2023478
Red Hill,53.2487029,0.0540023
Red Hill,52.8662743,-0.5218197
Red House Bridge,52.7555266,0.0665985
Red Inn Field,52.6936967,-0.3791734
Red Inn Field,52.6953952,-0.3698938
Red Leas,53.3956489,0.0858601
Redermer Field,52.7403712,0.0913252
Redwood Industrial Park,53.6070927,-0.1797024
Reed Point,53.0451577,-0.1958882
Reepham Moor,53.2566864,-0.4257095
Reepham Moor,53.2643483,-0.4210827
Reepham Toft,53.2593198,-0.4621834
Reeves Business Park,53.2051023,-0.3044482
Riby Cross Roads,53.5568004,-0.2133277
Riby Gap,53.5695252,-0.2080657
Riby Park,53.5483841,-0.2101499
Richardson's Bridge,53.0110511,-0.0233914
Richmond Lakes,53.1964544,-0.5898316
Ring Moor,53.0738993,-0.2846462
Ringstone Chase,52.8296635,-0.371643
Rippingale Fen,52.8350822,-0.2798342
Rippingale Fen,52.8376767,-0.3146507
Rippingale Field,52.7211986,0.0479792
Rippingale Field,52.7142948,0.0416018
Risby Moor,53.4032404,-0.2910874
Risegate Outfall,52.8661547,-0.0650556
Riseholme Park,53.2678926,-0.5294373
Roaring Bridge,52.9988958,-0.41192
Roderwick Field,52.7514008,0.1147247
Rodgers Land,53.0096634,0.0055003
Roman Hole,53.4490295,-0.2676735
Rookery Top,53.4742202,-0.2565259
Roosdyke,52.9450366,0.0513668
Roper Hill,53.3287511,0.0653192
Roper's Bridge,52.801251,-0.025148
Ropsley Heath,52.9024043,-0.5267681
Ropsley Heath,52.9099677,-0.5309911
Ropsley Heath,52.918073,-0.5134293
Ropsley Plot,52.9022106,-0.5716118
Rose Garth,52.8319772,-0.1400952
Roseland Business Park,52.9679063,-0.7732729
Rosin Hill,53.272097,-0.046007
Roughton Lock,53.1675129,-0.1365359
Roughton Moor,53.1625735,-0.1712855
Rowgate Hill,53.2867613,-0.0616586
Rowston Field,53.0990294,-0.3562678
Rowston Top,53.092605,-0.4217726
Royal Oak Bridge,53.0080136,-0.3946275
Royalty Land,53.1156449,0.109666
Rush Marsh,52.8750101,-0.1441022
Ruskington Dales,53.0584611,-0.3116258
Rye Croft,52.6759371,-0.2812984
Sadney,53.5006007,-0.4582532
Saffron Garth,53.1284173,-0.0631767
Salt Field,52.7516194,0.1254512
Salt Hills,52.8785414,-0.1449442
Salt Marsh,53.4408007,0.1682265
Salter Corner,53.3603819,0.2195908
Saltfleetby North Ings,53.3816571,0.1404943
Saltfleetby South Ings,53.3753251,0.1412887
Saltgate Floors,52.8807824,-0.1343434
Sand Gallop,52.6832142,-0.3375926
Sandbraes,53.5025497,-0.3310692
Sandholme,52.9197284,-0.011011
Sandilands,53.2989957,0.2909381
Sandy Bank,53.0789663,-0.1171977
Saturday Bridge,52.7630942,0.0000063
Sausthorpe Bridge,53.1973715,0.0619798
Saxby Cliff,53.3595908,-0.525548
Saxe Bridge,53.4257698,0.1449941
Saxilby Moor,53.2549544,-0.675089
Scalp Hill,53.2073109,-0.0031136
Scholey ParK,53.1198522,-0.1623509
Scopwick Heath,53.1065844,-0.4452571
Scopwick Heath,53.109631,-0.4298892
Scorer Row,53.2940141,0.0357157
Scothern Bridge,53.2758081,-0.4086421
Scothern Heath,53.284313,-0.4800057
Scotton Common,53.4831941,-0.7114615
Scotton Common,53.490641,-0.7131903
Scotton Common,53.4929695,-0.7283581
Scrivelsby Grange,53.1677114,-0.114207
Scrivelsby Park,53.1748189,-0.0964544
Scupholme,53.4029417,0.1111614
Seacroft,53.1192134,0.3290574
Searby Top,53.5499654,-0.3583102
Sedgedike,53.1240617,0.1478226
Seggimoor Bridge,53.4027069,-0.494784
Sewstern Industrial Estate,52.7852175,-0.6673713
Sharp's Bridge,52.8012282,-0.1529471
Sharp's Bridge,53.0173137,-0.0721739
Sharpe's Bridge,52.7558976,0.1213126
Shearman's Wath Bridge,53.2295348,-0.1293873
Sheath Wood,53.0437415,-0.2762428
Sheep Cote Hill,53.240963,-0.1279971
Sheep Pasture,52.704839,-0.3654242
Sheepcote Hill,53.4984862,-0.4301556
Shell Bridge,52.7264011,-0.0117514
Shepherd's Bush,53.0214595,-0.7643194
Shifty Nooking,53.4570617,-0.4001527
Shillingthorpe Park,52.6901083,-0.4153514
Shoff Hills,52.8973374,-0.2293916
Short Ferry Bridge,53.230598,-0.3626342
Shuff Fen,53.0019007,-0.0627054
Sibsey Fen Side,53.0517823,0.0088345
Sidney Park,53.565985,-0.0507134
Silver Hill,53.5141225,-0.2450099
Silver Hill,52.9257474,-0.1817552
Simon's Pond,53.4603977,-0.2527049
Six Hundreds,52.9893019,-0.1998003
Six Roads Bridge,52.7272657,0.052871
Sixteen Foot Bridge,52.9061132,-0.2617621
Skerth Bridge,52.9717566,-0.1715801
Skew Bridge,53.298132,-0.2387292
Skidbrooke Ings,53.410073,0.1427406
Skinnand,53.1058678,-0.5845975
Skipworth Ridge,53.4698508,-0.4362669
Slack's Hill,53.1894987,-0.7008717
Slackholme End,53.2123235,0.2960162
Slade Bridge,52.9021426,-0.0257123
Slea Bridge,53.0051896,-0.3927194
Sleaford Fen,52.999656,-0.4251471
Sleaford Moor,53.0133681,-0.3996974
Sleaford North Junction,53.0103455,-0.389752
Sleaford South Junction,52.9920778,-0.3850082
Sledge Hill,53.3885993,-0.1966053
Slippery Gowt,52.951417,0.0088839
Sloothby Ings,53.2040271,0.2494432
Sluice Bridge,53.1669271,-0.3102884
Small End,53.0811148,0.1517018
Smith's Bridge,52.7136757,-0.1952695
Smiths Wharf,52.9716836,-0.0241468
Snakehall Bridge,52.7375868,-0.074472
Snape Hill,53.277317,0.1802573
Snarford Bridge,53.3202986,-0.4261565
Snipe Dales,53.1985352,-0.0103699
Snitterby Carr,53.4421628,-0.4692339
Snitterby Sandhays,53.4381109,-0.4991294
Snowberry,52.9354313,-0.4273125
Snowden's Bridge,53.0607868,0.1261067
Somerby,53.3968142,-0.7149806
Somerby Top,53.5511347,-0.3785253
Somercotes Haven,53.4841757,0.1208702
Somerton Castle,53.1176517,-0.5758912
Sort Hills,53.3321741,-0.7148621
Sot's Hole,52.8616747,0.0978759
Sotby Meadows,53.2860855,-0.1919056
South Carr,53.4443146,-0.4888551
South Carr,53.4974025,-0.7353525
South Field,53.1696956,0.1430704
South Fields,53.0779351,-0.1359817
South Hills,53.4923215,-0.6996032
South Holland Bridge,52.7582251,0.1865829
South Kelsey Carrs,53.4664953,-0.4608207
South Kelsey Park,53.4643259,-0.4251642
South Kyme Fen,53.0166959,-0.2385703
South Meadow,52.7195544,-0.3315656
South Meadow,52.7216293,-0.3273067
South Moor,53.4586346,-0.3393181
South Quay,52.9740112,-0.022724
South Scarle Crossing,53.165189,-0.710582
South Somercotes Ings,53.406683,0.1244248
Southfield,53.3528335,0.0073324
Southfield,53.5481906,-0.1716822
Sow Dale,53.1778032,0.0158146
Spa Bottom,53.500339,-0.3109925
Spa Top,53.4989488,-0.3099879
Spalding Common,52.756612,-0.1892797
Spalding Common,52.7704646,-0.1854293
Spalding Common,52.7235522,-0.1492106
Spalding Marsh,52.8028883,-0.1181878
Spalding Marsh,52.8220355,-0.1086824
Spalding Marsh,52.8545837,-0.0791899
Spalding South Fen,52.727797,-0.1464847
Speedway Corner,53.0326191,-0.3847864
Spellow Hills,53.2287557,0.0979619
Spitfire Park,52.6853742,-0.3216165
Spittal Hill,52.9869806,0.0468404
Spittlegate,52.9043285,-0.6358512
Spridlington Heath,53.3411216,-0.5320039
Spring Hills,53.4102532,-0.598081
Springbottom,53.3167154,-0.1885025
Springwell Hollow,53.0775511,-0.39361
Spur Bridge,52.7203277,-0.4818964
Squire's Bridge,53.3306328,-0.6442501
St James's Bridge,52.6872266,-0.1343101
St Vincent's Cross,52.6509218,-0.1416591
Stackthorns,52.890974,-0.6652234
Stain Bridge,53.3379594,0.1946154
Stain Hill,53.3422937,0.2089444
Stained Hill,53.254876,-0.0476257
Stainfield Common,53.235408,-0.3360041
Stainfield Fen,53.2375286,-0.3547217
Stainfield Fen,53.2423621,-0.3518783
Stallingborough Top,53.5825044,-0.2303315
Stapleford Moor,53.1149494,-0.7082611
Stapleford Moor,53.0888341,-0.7053893
Star Bridge,52.7237183,0.0580844
Star Fen,52.9978471,-0.2710245
Stephenson's Hill,53.3574544,-0.7516245
Stickney Bridge,53.0936187,-0.0070594
Stixwould Bridge,53.1850527,-0.2214851
Stixwould Station,53.1677801,-0.2676683
Stock's Hill,53.3869934,-0.1931741
Stock's Hill,52.8015328,-0.0356115
Stocken Park,52.7488537,-0.5854283
Stocks Hill,53.1773505,-0.2388076
Stockwith Mill Bridge,53.2133284,0.032373
Stoke Pasture,52.8405083,-0.6879723
Stoke Rochford Park,52.8462868,-0.6385072
Stone Bridge,53.217326,0.3078167
Stone Bridge,53.2992971,0.2384933
Stone Bridge,53.4070611,0.1991994
Stone Bridge,53.0177676,-0.0128504
Stone Bridge,53.358674,0.2401477
Stone Quay,52.8851791,-0.0058108
Stow Green Hill,52.9016391,-0.3741034
Stow Park,53.3136757,-0.7077673
Stow Pasture,53.32959,-0.6507802
Stow's Corner,53.2078966,-0.1143829
Strugg's Hill,52.9158682,-0.0759293
Stubbock Hill,52.926794,-0.6812594
Sudbrook Heath,52.9927024,-0.5582649
Sudbrook Heath,52.9988213,-0.5496133
Sudbrook Moor,52.9900407,-0.5694336
Sudbrooke Park,53.2721205,-0.4338791
Summer Lesure Field,52.749271,0.1044686
Summerfield's Hill,52.9900535,-0.6416701
Surfleet Fen,52.8528032,-0.2389705
Surfleet Fen,52.8632093,-0.2518392
Surfleet Fen Bridge,52.852182,-0.2340183
Surfleet Marsh,52.8602646,-0.09162
Sutterton Bridge,53.009538,-0.1733063
Sutterton Dowdyke,52.8812969,-0.0965844
Sutterton Marsh,52.8717339,-0.0951487
Sutton Ings,53.2948588,0.258489
Swallow Mount,53.5203718,-0.2487487
Swallow Wold,53.5276751,-0.2402644
Swansea Bridge,53.438955,-0.7597423
Swaton Common,52.9290476,-0.3347433
Swaton Fen,52.9189403,-0.2870973
Swaton Fen,52.9309755,-0.2957511
Sweet Hills,53.3840521,-0.2903539
Swine Plots,52.9084746,-0.2967986
Swine's Meadow,52.6913098,-0.3017805
Swinhope Brats,53.4379812,-0.1384776
Swinhope Park,53.4490492,-0.1759027
Syke Mouth,52.9664741,-0.1359689
Syke Mouth,52.9681872,-0.1533292
Sykes Junction,53.2817827,-0.6887579
Syston Park,52.956702,-0.5924351
Tallington Lakes,52.6741876,-0.3714864
Tattershall Road Industrial Estate,53.145916,-0.2157278
Taumberland,52.9313235,-0.1147466
Tealby Vale,53.4033556,-0.2581714
Temple Hill,52.7740207,-0.626578
Tennant's Bridge,53.0576686,-0.006156
Terry Booth,53.046074,-0.2221248
Tetford Fen,53.2545957,0.0119971
Tetney Blow Wells,53.4865541,-0.0102434
The Angle,52.7417369,0.1364142
The Aveland,52.8538201,-0.4197589
The Bars,52.9335478,-0.1753335
The Big Thorns,53.1293284,-0.7283181
The Butts,53.2116236,-0.1390079
The Carrs,53.2791982,0.0025119
The City,52.8525227,-0.686845
The Claims,53.027875,-0.3180336
The Clump,53.3857586,-0.2508799
The Common,52.7769556,0.143289
The Common,52.7856725,0.1504779
The Common,52.7572842,0.1448012
The Cots,52.9136993,0.027233
The Cross,53.3351034,0.2364931
The Culyer,52.869286,-0.03205
The Dales,52.9325191,-0.1411817
The Dales,53.3985011,-0.0375686
The Deeps,53.1036511,0.1354304
The Dees,53.2150475,-0.6362613
The Ell,52.8486251,-0.6882968
The Elms,53.3755486,0.0129051
The Field,52.9573056,-0.3239381
The Fitties,53.4855155,0.1097775
The Folly,53.5223628,-0.2169724
The Folly,52.6641187,-0.4438628
The Friths,52.9617811,-0.0778439
The Gate,52.7339787,0.0214543
The Glen,53.1565114,0.0659544
The Gould,52.8289289,-0.036402
The Green,52.8958732,-0.5284979
The Green,53.2598576,-0.7805311
The Groves,52.7871497,-0.4490176
The Hawthornes,53.4517202,0.0078917
The Hollow,52.9465498,-0.4773474
The Holmes,52.953242,-0.0957756
The Holmes,53.4621567,0.1096863
The Holmes,53.1235781,-0.6494692
The Horseshoe,53.0347182,0.1881387
The Horseshoe,52.8965751,-0.0240816
The Horseshoe,52.882926,-0.0057844
The Hundreds,53.1381806,0.2337659
The Ings,53.1029156,-0.181991
The Ings,53.1383219,0.1651289
The Ings,53.1543594,0.2155221
The Ings,53.035671,-0.5750176
The Ings,53.1395224,0.1906936
The Islands,53.4394912,-0.5885223
The Larches,53.2505523,-0.6288007
The Laurels,53.0688642,-0.4238889
The Lawn,53.4047607,-0.5400978
The Lawn,52.7616035,-0.5251556
The Leakes,52.9910385,-0.0171818
The Lofts,53.28996,-0.0587471
The Longstongs,53.2255228,-0.4524874
The Maltings,52.9939055,-0.4008949
The Meadow,52.6997195,-0.3161571
The Meadows,53.0936502,0.0074068
The Moor,53.2554988,0.029487
The Moor,52.9912411,-0.521062
The Mount,53.3404535,-0.3014247
The Mount,53.4239903,-0.5950099
The Nook,52.7652241,0.1466192
The Oaks,52.8425342,-0.688625
The Park,53.2970318,-0.0784251
The Park,52.9477511,-0.2796701
The Park,53.3718482,-0.0828807
The Park,53.4602627,-0.6464485
The Pits,53.2117797,-0.5172579
The Poplars,53.1882306,-0.3031756
The Rakes,52.9872991,-0.1882835
The Rinks,53.1223185,-0.6579886
The Rookery,53.2270305,-0.1500962
The Rough,53.1591448,-0.2163359
The Roundhills,52.7430731,-0.4050136
The Scalp,52.9263808,0.0540001
The Screed,53.4340929,-0.3490866
The Slipe,52.7534997,-0.1573416
The Slipe,52.7319673,-0.1263568
The Sloop,53.0273188,0.135672
The Spa,52.6420084,-0.49563
The Sprites,53.0796112,-0.3054243
The Steyning,52.9435607,-0.1678197
The Valley,53.4465676,-0.1177285
The Waddles,53.2287126,-0.0586677
The Wash,52.6572394,-0.2441637
The Whitewell,53.1797157,-0.6751976
The Wilderness,53.1763765,-0.1509771
The Wilderness,53.174594,-0.1576063
The Wilderness,53.0154543,-0.486766
The Wilderness,52.9412921,-0.621943
The Wilderness,52.7200616,-0.4125869
The Wilderness,53.3286522,-0.0253818
The Wilderness,53.148613,-0.0390353
The Wilderness,53.1628863,0.0848367
The Wilderness,52.8281134,-0.4868044
The Wilderness,53.0048622,-0.6279766
The Wilderness,53.0322337,-0.3491777
The Wong,53.2053131,-0.1155195
The Wongs,52.9017927,-0.1987999
The Wongs,53.1628675,0.1198298
The Woodhey,53.1325238,-0.7221368
The Yews,53.3924105,0.085576
Thimbleby Mill,53.2246644,-0.1242621
Thistle Hill,53.1272957,-0.0035647
Thompson's Bottom,53.0824516,-0.4809251
Thoresby Bridge,53.4772904,0.0115611
Thoresway North Wold,53.4650843,-0.2612091
Thorn Holt Bridge,53.2428607,0.2455374
Thorncroft Bridge,53.4375499,-0.5292252
Thornton Carrs,53.4517294,-0.444466
Thornton Lock,53.1933205,-0.1187332
Thorpe Bridge,53.1211172,0.0753815
Thorpe Culvert Bridge,53.1206344,0.1971807
Thorpe Dales,53.1267082,0.1628332
Thorpe Fen,53.1153987,0.1337521
Thorpe Fen,53.120598,0.1467705
Thorpe Top,53.4026377,-0.1841528
Three Bridges,52.8579512,-0.0329105
Three Bridges,53.3716187,0.1607599
Three Kings Deer,52.9175873,-0.3792677
Three Shire Bush,52.9767496,-0.7758162
Three Ways Bridge,53.225162,0.3147638
Threekingham Bar,52.9184239,-0.4062983
Threekingham Beacon,52.9128655,-0.3851057
Threescore Acre,53.1212972,-0.0932024
Thrunscoe,53.5471849,-0.0266072
Thunker Hollow,53.2088977,-0.0494009
Thurlby Fen,52.7394523,-0.3509046
Thurlby Moor,53.1441406,-0.6788896
Thurlby Rails,52.7445738,-0.3114032
Tilney Field,52.7278238,0.078908
Tilney Field,52.7298883,0.0674
Tinkers Cross,52.7934722,-0.0708041
Toby's Hill,53.424718,0.1846257
Toft Jetty,52.9518136,0.0123338
Toft Marsh,53.0226742,0.1652116
Tollgate Bridge,53.4608773,-0.4668103
Tom Lane Hill,52.9993203,-0.4727862
Tongue End,52.7549389,-0.2885822
Toot Hill,53.0778064,-0.1754761
Toot Hill,53.5616273,-0.1190237
Toothill,53.3080205,0.1294822
Top Camp,52.8276514,-0.516542
Top Field,53.1576414,0.0831692
Torksey Common,53.29925,-0.7302751
Torksey Island,53.3023851,-0.7475278
Torrington Gorse,53.3239814,-0.2723473
Town Field,52.9433735,-0.1511965
Town Meadows,52.6499865,-0.4817938
Toyne Moor,53.3796104,-0.2988388
Toynton Bridge,53.1355305,0.0864282
Toynton Ings,53.1437751,0.1108091
Trent Port,53.3240405,-0.7478481
Tumby Gates,53.1250882,-0.1252536
Tumby Lawn,53.1283974,-0.1450487
Tumby Lock,53.1189374,-0.1587856
Tumby Park,53.1258734,-0.1455114
Tupholme Abbey,53.1990076,-0.2885982
Turfmoor Farm,53.1195438,-0.7210569
Tutoes Hills,53.5025413,-0.7299355
Tutty Hill,52.9740934,-0.2908323
Twelve Acre Close,52.9778911,-0.5453318
Twelve Drain Bridge,53.0283453,-0.2926025
Twenty Foot Bridge,53.0434088,-0.055341
Twentylands,53.1675156,0.0667383
Two Plank Bridge,52.7995566,-0.162989
Tycho Wing's Channel,52.8157979,0.2141312
Tydd Gate Bridge,52.7377221,0.1478942
Tydd St Mary's Common,52.7519293,0.1458417
Tydd St Mary's Common,52.7539528,0.1368842
Tydd St Mary's Marsh,52.7471216,0.1645293
Uffington Park,52.6550692,-0.4372778
Ulceby Junction,53.6180451,-0.30042
Upper Ings,53.3477849,-0.7816067
Usselby Moor,53.4222388,-0.3417042
Vincent Bridge,52.895183,-0.6793426
Waddingham Carrs,53.4529433,-0.4779613
Waddington Heath,53.1798968,-0.5277438
Waddington Low Fields,53.1716147,-0.5620307
Waddington Low Fields,53.1789528,-0.5743907
Wain's Bridge,53.3807909,0.1507543
Wainfleet Common,53.1121219,0.2034052
Wainfleet Common,53.1174575,0.2171357
Wainfleet St Mary Fen,53.1040247,0.1490842
Wainfleet St Mary Fen,53.1061782,0.179338
Wainfleet Staunch,53.1138604,0.2795705
Wainfleet Tofts,53.0927239,0.2226492
Walcot Bar,52.9029535,-0.4026984
Walcott Commons,53.0860109,-0.3236289
Walcott Hollows,53.0872203,-0.308821
Walcott Hurn,53.1031577,-0.2527898
Walesby Moor,53.4082841,-0.3229179
Wargate Bridge,52.8585877,-0.1644817
Wargate Field,52.85176,-0.1548882
Wargate Field,52.8558634,-0.1564139
Wargate Field,52.8630482,-0.1542043
Warren Hill,53.2985941,-0.2225716
Warth's Bridge,53.1231222,0.193616
Wash Dike,52.991966,-0.3012692
Washdike Bridge,53.0196575,-0.3674041
Washdike Bridge,52.9910812,-0.3011457
Washdyke Bridge,53.3350219,-0.1967372
Washdyke Bridge,53.4263414,-0.3329972
Washing Dales,53.5379023,-0.2079034
Washingborough Fen,53.2255345,-0.4471871
Washingborough Fen,53.2221589,-0.4220889
Water Drove Level Crossing,52.8393018,-0.179553
Water Hills,53.5009269,-0.31448
Waterman's Call,52.9763198,-0.1417109
Watkinson's Bridge,53.096125,-0.0687865
Welbeck Hill,53.5193233,-0.1647162
Welby Heath,52.9154783,-0.5527391
Welby Pasture,52.9490846,-0.5442447
Well Beck Wath,53.2400436,0.1822471
Well Pastures,53.4065485,0.1450624
Well Turn,53.250969,0.1819824
Well Vale,53.2413201,0.145549
Wellingore Park,53.094486,-0.5332515
Welton Cliff,53.304295,-0.5372847
Welton Hill,53.3183393,-0.4283606
West Common,53.23888,-0.5616129
West Croft,52.6665632,-0.3640181
West Field,53.1660368,0.1535547
West Field,52.6866024,-0.4020754
West Field,52.9993698,-0.6970723
West Houses,53.0694399,-0.0071322
West Lawn,53.3131218,-0.7134127
West Low Grounds,52.9425073,-0.1977864
West Low Grounds,52.9524624,-0.2004953
West Marsh,52.6569241,-0.3938789
West Pastures,53.0474189,-0.4628403
West Skree,53.3621115,-0.4554544
Western Point,52.9164822,0.0329738
Westfield,52.7407705,0.1445084
Westfield,53.1361727,-0.0987829
Westfields,53.4109885,0.1216622
Westhorpe Bridge,52.864292,-0.1899075
Westlaby,53.3160916,-0.358319
Weston Fen,52.7339739,-0.1110929
Weston Marsh,52.8311238,-0.0705045
Weston Marsh,52.8371624,-0.0828149
Weston Marsh,52.8390102,-0.0704864
Westry Corner,52.9104415,-0.688168
Westwoods,53.1947567,-0.7014099
Whaplode Drove Common,52.6744956,-0.083513
Whaplode Drove Common,52.6790338,-0.0785571
Whaplode Fen,52.7391231,-0.0382383
Whaplode Fen,52.7828046,-0.0322677
Whaplode Fields,52.8044623,-0.0364251
Whaplode Marsh,52.840921,-0.0097476
Wharton Gate,53.4332955,-0.7382915
Whipchicken Bridge,52.6986517,-0.117291
Whipperstall Hill,52.9521788,-0.5885023
White Cross Clough,53.1084285,0.1757803
White Hall Borders,53.178356,-0.158148
White House Bridge,53.1084051,0.2632511
Wickenby Bridge,53.3228853,-0.3804902
Wild Dales,53.4034363,-0.3826903
Wildmoor Fen,53.0977685,-0.099396
Wildmore Fen,53.0549683,-0.111691
Wildmore Park,53.0659928,-0.1326243
Willingham Bridge,53.3795784,-0.2892901
Willingham Corner,53.3834194,-0.2193209
Willingham Fen,53.2307474,-0.4605198
Willoughby Gorse,52.9682598,-0.3956604
Willoughby Heath,52.9726138,-0.5580285
Willoughby Moor,52.982513,-0.548951
Willoughton Cliff,53.422111,-0.5824268
Willow Garth,53.2751659,0.2845348
Willow Herb Park,52.6647082,-0.0331782
Willow Rough,53.268991,-0.32687
Wilsford Heath,52.9657787,-0.5275559
Wilsford Heath,52.9700011,-0.5105339
Wilsford Moor,52.9869082,-0.5057952
Wilsford Warren,52.9770022,-0.4719446
Wilsondike Field,52.9371051,-0.1846578
Wingland Marsh,52.7816107,0.2334425
Wingland Marsh,52.7821383,0.2148023
Wingland Marsh,52.8050331,0.2133653
Wire Hill,53.2914893,-0.2758029
Witham Crossroads,52.731871,-0.4254571
Wood Hill,53.1738949,0.0621027
Wood Hill,53.3752914,-0.3144804
Woods Close,53.1392392,-0.3394539
Woody Nook,53.1683424,0.2398401
Woolsthorpe Bridge,52.9070665,-0.7479818
Worlaby Dale,53.2737273,-0.0079505
Wragg Marsh,52.8499528,-0.0646468
Wragg Marsh,52.8544154,-0.0637263
Wragholme Ings,53.4503893,0.0415308
Wrangle Common,53.0668447,0.1186366
Wrangle Common,53.0771406,0.1319789
Wrangle Flats,53.0301211,0.1974456
Wrangle Low Ground,53.0535224,0.1314044
Wrangle Marsh,53.0252778,0.1579471
Wrangle Tofts,53.0345943,0.1460162
Wrangle Tofts,53.0269681,0.1469012
Wrangle Tofts,53.0475895,0.1684208
Wyberton Fen,52.9814912,-0.0741888
Wyberton High Bridge,52.9719954,-0.0586925
Wyberton Marsh,52.9483421,0.0036583
Wyberton Marsh,52.9359267,0.0220517
Wyberton Marsh,52.9429756,0.0133364
Wyche,53.2052442,0.2778845
Wydal,53.0680504,0.0205111
Wykeham Park,53.3773643,-0.1573766
Birchwood,53.2140065,-0.6037854
Boultham,53.2139125,-0.5554491
Boultham Moor,53.2059025,-0.568446
East Marsh,53.5715987,-0.071287
Ermine,53.2492042,-0.5372537
Ermine East,53.2496956,-0.5290588
Ermine West,53.2497094,-0.5443165
Glebe Park,53.2494816,-0.5117159
Grange,53.5543045,-0.1038566
Great Coates,53.5746218,-0.1316432
Hartsholme,53.2092646,-0.5872423
Holme Hill,53.5623005,-0.0734004
Littlefield,53.5603168,-0.1045366
New Boultham,53.2248952,-0.5531572
New Clee,53.5684567,-0.061416
North Hykeham,53.1870106,-0.5877503
Nunsthorpe,53.548052,-0.1071758
Skirbeck,52.9691289,-0.0084822
Skirbeck Quarter,52.9647367,-0.0268152
St. Giles,53.2443659,-0.5179653
Swanpool,53.2204533,-0.5723044
Swanpool Garden Suburb,53.21634,-0.5767652
The Willows,53.5698301,-0.1276039
Village Hall,53.4073545,-0.6030486
Weelsby,53.5557419,-0.0632196
Wellow,53.55446,-0.0844963
Wybers Wood,53.5646818,-0.1387618
Yarborough,53.5647796,-0.1108212
Alford,53.2591409,0.1777346
Boston,52.9770408,-0.0239836
Bourne,52.7682148,-0.3771217
Branston,53.193893,-0.4700913
Caistor,53.4959171,-0.3124269
Chapel St Leonards,53.2253833,0.3377771
Cleethorpes,53.5572068,-0.0289969
Coningsby,53.1056488,-0.1746758
Crowland,52.675299,-0.1685608
Gainsborough,53.3968736,-0.7739577
Grantham,52.9133829,-0.6426582
Grimsby,53.5677371,-0.0736289
Heckington,52.9807156,-0.3002564
Holbeach,52.80421,0.0180043
Horncastle,53.2074103,-0.1212953
Immingham,53.6159963,-0.2136727
Kirton,52.9283453,-0.0578772
Long Sutton,52.7862774,0.1201796
Louth,53.3675163,-0.0022381
Mablethorpe,53.3408271,0.2606772
Market Deeping,52.6769366,-0.3149877
Market Rasen,53.3874028,-0.336659
Ruskington,53.0451125,-0.387497
Saxilby,53.2737482,-0.6587613
Skegness,53.1437506,0.3428958
Sleaford,52.9984193,-0.4094529
Spalding,52.7874935,-0.1516271
Spilsby,53.1741306,0.0957173
Stamford,52.6520552,-0.4804363
Sutton-on-Sea,53.3134339,0.2809461
Swineshead,52.9454878,-0.1586247
Wainfleet All Saints,53.1074468,0.2369499
Waltham,53.515849,-0.0963777
Washingborough,53.2223092,-0.4734512
Woodhall Spa,53.1519386,-0.2180445
Wragby,53.287009,-0.3035517
Addlethorpe,53.1953705,0.3177216
Aisby,52.9371933,-0.4954254
Algarkirk,52.8997182,-0.0795578
Allington,52.9529688,-0.7242715
Alvingham,53.4010513,0.048733
Amber Hill,53.0001206,-0.1602919
Ancaster,52.9842647,-0.5344878
Anderby,53.2549873,0.2873984
Anwick,53.0401246,-0.3391277
Asgarby,53.1826158,-0.0088952
Asgarby,52.9927015,-0.3360236
Ashby by Partney,53.1769258,0.1347864
Ashby cum Fenby,53.4877632,-0.1141695
Ashby de la Launde,53.0826415,-0.4289219
Aslackby,52.8599669,-0.3894374
Asterby,53.2973486,-0.1049084
Aswarby,52.945766,-0.4144227
Aswardby,53.2115332,0.0608543
Atterby,53.424625,-0.5236229
Aubourn,53.1533157,-0.6197014
Aunsby,52.936958,-0.4460394
Authorpe,53.3058593,0.1000966
Aylesby,53.5514547,-0.1844193
Bag Enderby,53.2290638,0.0201129
Bardney,53.2105265,-0.3245785
Barholm,52.6847948,-0.3898217
Barkston,52.9638466,-0.6135681
Barnby in the Willows,53.0622893,-0.7181024
Barnoldby le Beck,53.5114617,-0.1374487
Barrowby,52.9161674,-0.6887849
Bassingham,53.128616,-0.6406939
Baston,52.7109591,-0.3564029
Baumber,53.2504101,-0.1695918
Beckingham,53.0743449,-0.6930071
Beelsby,53.499127,-0.1824549
Beesby,53.2984529,0.1951147
Belchford,53.2607735,-0.0628264
Belleau,53.2853646,0.1029878
Belton,52.9458483,-0.6170959
Benington,52.9979391,0.0797326
Benniworth,53.3187079,-0.1867916
Bicker,52.9212336,-0.1798179
Bigby,53.5529218,-0.4016915
Billingborough,52.8927194,-0.339226
Billinghay,53.079177,-0.2779268
Bilsby,53.2653627,0.2030939
Binbrook,53.4290439,-0.179191
Birthorpe,52.891007,-0.361039
Bishop Norton,53.4210503,-0.5210281
Bitchfield,52.8469525,-0.5337325
Blyborough,53.4382298,-0.5929338
Blyton,53.4428055,-0.7180788
Boothby Graffoe,53.1208644,-0.5298767
Boothby Pagnell,52.8665481,-0.5600814
Braceborough,52.705869,-0.4020882
Bracebridge,53.2027459,-0.554776
Braceby,52.9059437,-0.4910531
Bradley,53.5417629,-0.1243661
Bransby,53.3027561,-0.6515674
Brant Broughton,53.0782321,-0.6333238
Bratoft,53.1608506,0.2057099
Brattleby,53.3175631,-0.5767577
Brigsley,53.4979516,-0.1132962
Brinkhill,53.2406986,0.0545823
Broadholme,53.2570194,-0.6636833
Brookenby,53.442906,-0.1941447
Brothertoft,52.9958767,-0.1054512
Bucknall,53.2043098,-0.2477085
Bulby,52.8226726,-0.4408705
Burgh Le Marsh,53.1597591,0.2448684
Burgh on Bain,53.36002,-0.1665399
Burton le Coggles,52.820533,-0.5481757
Burton Pedwardine,52.9659518,-0.3370775
Burton-by-Lincoln,53.2601982,-0.5590315
Burwell,53.2953959,0.031517
Buslingthorpe,53.3520243,-0.3790872
Butterwick,52.9841838,0.0684667
Cabourne,53.5016652,-0.2819305
Caenby,53.393398,-0.4966098
Calceby,53.2596814,0.083148
Cammeringham,53.3289341,-0.5784416
Candlesby,53.1840374,0.1760178
Canwick,53.2151511,-0.5220989
Carlby,52.7139694,-0.4473501
Carlton le Moorland,53.1113795,-0.6460415
Carlton Scroop,52.9943722,-0.5869555
Carrington,53.0815421,-0.0432532
Castle Bytham,52.754958,-0.5362353
Caythorpe,53.0250422,-0.6033186
Chapel Hill,53.0720774,-0.1989877
Chapelgate,52.7994273,0.0928279
Cherry Willingham,53.2391784,-0.4555835
Claxby,53.219278,0.1714735
Claxby,53.4370642,-0.3293054
Claypole,53.0315558,-0.7340555
Claythorpe,53.2906488,0.1183157
Coleby,53.1328743,-0.5426358
Colsterworth,52.8065684,-0.6190473
Conisholme,53.4380051,0.109358
Corby Glen,52.8133953,-0.519641
Corringham,53.412052,-0.6916524
Covenham St. Bartholomew,53.4372292,0.0115833
Covenham St. Mary,53.4288994,0.0157257
Cowbit,52.7432054,-0.1287057
Cranwell,53.0369458,-0.4617867
Creeton,52.7676647,-0.5024833
Croft,53.1313184,0.254213
Crossgate,52.8241841,-0.1563182
Cumberworth,53.237714,0.2551754
Cuxwold,53.4940792,-0.2352194
Dalby,53.2101774,0.1070902
Deeping Gate,52.6691996,-0.3022527
Deeping St James,52.6725169,-0.3001694
Deeping St Nicholas,52.7196844,-0.2144899
Dembleby,52.9261152,-0.4518455
Denton,52.8835894,-0.711023
Digby,53.0799161,-0.387304
Doddington,53.2188617,-0.6516206
Dogdyke,53.0816294,-0.1973297
Donington,52.9040965,-0.2044243
Donington on Bain,53.3279551,-0.1447889
Dorrington,53.0623777,-0.3872865
Dowsby,52.8517971,-0.3480069
Dry Doddington,53.0106971,-0.7322563
Dunham-on-Trent,53.2611747,-0.7817229
Dunsby,52.8279012,-0.3593942
Dunston,53.1531486,-0.4089097
Eagle,53.1947029,-0.6883347
East Barkwith,53.3172997,-0.2475288
East Heckington,52.9785777,-0.210033
East Keal,53.1531106,0.061171
East Kirkby,53.1393734,-0.0054493
East Ravendale,53.4781634,-0.137883
Easton,52.8307836,-0.6239983
Edenham,52.7838765,-0.4265173
Edlington,53.2255503,-0.1541342
Essendine,52.7014939,-0.4523179
Evedon,53.013805,-0.3648604
Ewerby,53.0109795,-0.3321296
Faldingworth,53.3483117,-0.3995194
Fenton,53.2819319,-0.7298196
Fillingham,53.3607435,-0.577041
Firsby,53.145316,0.1745091
Fishtoft,52.9618836,0.0269015
Fiskerton,53.235737,-0.4279668
Fleet,52.7934253,0.0581494
Fleet Hargate,52.8033592,0.0660717
Fold Hill,53.0699066,0.1847709
Folkingham,52.8897079,-0.4085024
Fosdyke,52.8795977,-0.0440458
Foston,52.9766063,-0.7229387
Frampton,52.934266,-0.0317054
Freiston,52.9756282,0.0484107
Frieston,53.0194663,-0.6021121
Friskney,53.0754951,0.1797426
Frithville,53.0358181,-0.0346225
Frognall,52.6777139,-0.2814096
Fulbeck,53.0417943,-0.5874992
Fulletby,53.2415875,-0.0555537
Fulstow,53.4544582,-0.0030853
Gayton le Marsh,53.3354297,0.1400004
Gayton le Wold,53.3566551,-0.1422818
Gedney,52.7980271,0.081399
Gedney Drove End,52.8412629,0.16932
Gedney Hill,52.68417,-0.02003
Gipsey Bridge,53.0317453,-0.0919061
Glentham,53.4027984,-0.4917801
Glentworth,53.3811436,-0.5783676
Gosberton,52.869059,-0.161089
Gosberton Clough,52.8521917,-0.2295515
Goulceby,53.2963771,-0.1194975
Graby,52.8522939,-0.3706247
Grainthorpe,53.4533854,0.0806053
Grasby,53.5290785,-0.3612083
Great Carlton,53.3453792,0.1177452
Great Gonerby,52.9351023,-0.6664378
Great Hale,52.9716106,-0.2906397
Great Limber,53.5621956,-0.2900625
Great Ponton,52.8630742,-0.6261511
Great Steeping,53.1570294,0.1526445
Great Sturton,53.2730965,-0.1809643
Greatford,52.6936579,-0.3922585
Greetham,53.21563,-0.0416581
Greylees,52.9822535,-0.4524576
Grimoldby,53.3740096,0.0918403
Grimsthorpe,52.7952173,-0.447203
Gunby,52.7842007,-0.6475872
Habrough,53.6081494,-0.2673459
Haceby,52.9116464,-0.4700634
Hackthorn,53.3295326,-0.5063303
Haconby,52.8144993,-0.3617334
Hagworthingham,53.2053662,0.0089055
Hainton,53.3443385,-0.225105
Haltham,53.1563539,-0.1365352
Haltoft End,52.9860539,0.0372784
Halton Holegate,53.1645304,0.117023
Hameringham,53.1852619,-0.0408146
Hanthorpe,52.8021037,-0.389785
Hareby,53.1715247,-0.0015878
Harlaxton,52.8840417,-0.686898
Harmston,53.1485656,-0.547871
Harpswell,53.3991893,-0.5946262
Harrington,53.226737,0.0425277
Hatcliffe,53.4883642,-0.1713275
Hatton,53.2753416,-0.235003
Haugham,53.3137643,0.0041419
Hawthorpe,52.8345498,-0.4483829
Healing,53.5781654,-0.1639457
Heapham,53.3855,-0.6845434
Heighington,53.2125578,-0.4586024
Helpringham,52.9505048,-0.3076617
Hemingby,53.2534359,-0.1461344
Hemswell,53.4075994,-0.6015476
Hemswell Cliff,53.3966955,-0.5728628
High Toynton,53.2107419,-0.0791223
Hogsthorpe,53.2257169,0.3003253
Holbeach Drove,52.6929105,-0.0383472
Holbeach Hurn,52.8236212,0.0663346
Holbeach St Johns,52.7463575,-0.0031433
Holbeach St Marks,52.8620048,0.0360492
Holland Fen,53.030956,-0.1600105
Holton,53.3168617,-0.3233438
Holton le Clay,53.5051343,-0.0606672
Holton le Moor,53.4664068,-0.3716663
Honington,52.9774392,-0.5956872
Horbling,52.9042149,-0.3378526
Horsington,53.2015688,-0.2143617
Hough on the Hill,53.0069848,-0.6243176
Hougham,52.9894994,-0.6784442
Howell,53.0005467,-0.3075392
Hubbert's Bridge,52.9752243,-0.1108312
Humberston,53.5339693,-0.0234751
Humberston Grange,53.5238007,-0.0538788
Hundleby,53.1772589,0.0754922
Huttoft,53.2636731,0.2662473
Ingham,53.3398509,-0.5764272
Ingoldmells,53.1932406,0.3346566
Ingoldsby,52.8593631,-0.5014479
Irby in the Marsh,53.149715,0.1947275
Irby upon Humber,53.5266402,-0.1966817
Irnham,52.8289444,-0.4814858
Keal Coates,53.1311311,0.038679
Keddington,53.3773972,0.0212413
Keelby,53.5746924,-0.2438955
Keisby,52.8440697,-0.4612733
Kelby,52.9604256,-0.506308
Kexby,53.3624177,-0.688613
Kirkby Green,53.1067357,-0.3812201
Kirkby la Thorpe,52.9978114,-0.3635887
Kirkby on Bain,53.1451554,-0.1445187
Kirkby Underwood,52.8320699,-0.4066494
Kirmond le Mire,53.4167279,-0.2133246
Knaith,53.3533332,-0.7549729
Laceby,53.5418215,-0.1704012
Langrick,53.0223445,-0.1057486
Langtoft,52.6989859,-0.3395541
Langton,53.214289,0.0843513
Laughton,53.4667601,-0.7244581
Lea,53.3710883,-0.7542752
Leadenham,53.0589415,-0.5819982
Leake Common Side,53.0517635,0.0840943
Leasingham,53.0252393,-0.4287553
Legbourne,53.3376823,0.0527528
Legsby,53.3561942,-0.2943847
Lenton,52.8615343,-0.4787134
Leverton,53.0069137,0.0840916
Linwood,53.3633002,-0.3343212
Lissington,53.3359301,-0.3350927
Little Bytham,52.7509282,-0.4985459
Little Carlton,53.3474146,0.1005664
Little Cawthorpe,53.3350391,0.0359554
Little Humby,52.8851237,-0.5109369
Little Ponton,52.8778593,-0.6267705
Little Steeping,53.1421176,0.1428174
Londonthorpe,52.930943,-0.5826316
Long Bennington,52.9920803,-0.7569752
Ludborough,53.43961,-0.0514873
Ludford Magna,53.3862154,-0.1968758
Ludford Parva,53.3837481,-0.2042778
Lusby,53.1903604,0.0024206
Lutton,52.8071349,0.1247533
Maltby Le Marsh,53.3118619,0.2011065
Manby,53.3617744,0.0986512
Manthorpe,52.9292665,-0.632404
Manthorpe,52.7313039,-0.4160607
Mareham le Fen,53.1310505,-0.088639
Mareham on the Hill,53.1930444,-0.0755393
Market Stainton,53.3020923,-0.1577029
Marshchapel,53.4724221,0.0472038
Marston,52.9818052,-0.6735758
Martin,53.1253109,-0.3254251
Marton,53.3285145,-0.7407021
Mavis Enderby,53.1781001,0.0363565
Maxey,52.6621778,-0.3363335
Metheringham,53.1400932,-0.4022681
Middle Rasen,53.3877968,-0.3629831
Milthorpe,52.8641377,-0.3431465
Miningsby,53.1579759,-0.0241439
Minting,53.2466872,-0.2237436
Morton,52.8026581,-0.3717714
Morton,53.4166284,-0.7845608
Moulton,52.7976255,-0.0633179
Moulton Chapel,52.7466999,-0.0840695
Moulton Seas End,52.8285865,-0.0391822
Muckton,53.3113067,0.0640965
Mumby,53.2438028,0.2689523
Navenby,53.1066184,-0.5239171
Nettleham,53.2661301,-0.4861549
Nettleton,53.4865056,-0.3315325
New Bolingbroke,53.1036912,-0.0471408
New Leake,53.0928673,0.0911437
New Waltham,53.5260228,-0.0628539
New York,53.0784049,-0.1396847
Newton,52.9132685,-0.445198
Newton by Toft,53.3723606,-0.4221463
Newton on Trent,53.2581813,-0.7527094
Nocton,53.1651678,-0.417501
Normanby le Wold,53.4394859,-0.3113913
Normanby-by-Spital,53.3805831,-0.4968711
Normanton,53.0071637,-0.587164
North Carlton,53.2873227,-0.5844751
North Coates,53.4847044,0.032448
North Cockerington,53.3960364,0.0657484
North End,52.9555999,-0.1677266
North Kelsey,53.5010476,-0.4276514
North Kyme,53.0600406,-0.2824798
North Owersby,53.4368344,-0.4056064
North Rauceby,53.0061546,-0.4785236
North Reston,53.3325024,0.0766322
North Scarle,53.1931113,-0.7288789
North Somercotes,53.4471931,0.1390434
North Thoresby,53.4670883,-0.0554188
North Willingham,53.3790028,-0.2554765
North Witham,52.7867346,-0.6279868
Northgate,52.8207904,-0.2265551
Northorpe,53.4632103,-0.6531096
Northorpe,52.7444528,-0.374162
Norton Disney,53.1222317,-0.6751393
Oasby,52.9397496,-0.5087441
Old Bolingbroke,53.1651295,0.0188986
Old Clee,53.5578634,-0.052691
Old Leake,53.030431,0.0972853
Old Somerby,52.8910875,-0.5747137
Orby,53.1819232,0.2291969
Osbournby,52.9301779,-0.4099839
Osgodby,53.4198182,-0.3865479
Owmby,53.5303195,-0.3756256
Owmby-by-Spital,53.3745771,-0.4969882
Panton,53.2961253,-0.2366543
Partney,53.1938977,0.1103115
Pickworth,52.8896933,-0.4506361
Pinchbeck,52.8161306,-0.1601092
Pode Hole,52.7815726,-0.1986875
Pointon,52.8729116,-0.3439282
Potterhanworth,53.1831224,-0.4200759
Quadring,52.8819269,-0.1821473
Raithby,53.3428643,-0.0331881
Raithby,53.1839395,0.0534806
Ranby,53.2891418,-0.1547096
Reepham,53.2512241,-0.444776
Revesby,53.1340774,-0.0597203
Riby,53.5509132,-0.2139466
Rigsby,53.2565561,0.1419752
Rippingale,52.8381603,-0.3696044
Risegate,52.8529075,-0.1985818
Riseholme,53.26407,-0.531583
Ropsley,52.8969826,-0.524873
Rothwell,53.4806768,-0.2668947
Roughton,53.1657368,-0.1451911
Rowston,53.0935185,-0.3823336
Saleby,53.2841787,0.1845363
Salmonby,53.2403157,-0.0165532
Saltfleet,53.4205583,0.1862115
Saltfleetby St Peter,53.3839745,0.1597866
Sapperton,52.8932628,-0.485111
Saracen's Head,52.8240998,-0.0108456
Sausthorpe,53.2011728,0.0693409
Saxby,53.3633959,-0.491096
Scamblesby,53.2896491,-0.0866451
Scampton,53.3022296,-0.57409
Scartho,53.5374084,-0.086356
Scopwick,53.109427,-0.4020708
Scothern,53.2841467,-0.4488097
Scotter,53.4985845,-0.6659841
Scotton,53.4808922,-0.6614305
Scredington,52.951105,-0.3709983
Scremby,53.1863388,0.1591319
Seacroft,53.1286826,0.3386815
Searby,53.5381296,-0.3845898
Sedgebrook,52.9320924,-0.7270434
Sibsey,53.0370706,0.0142037
Sibsey Northlands,53.060881,0.0086449
Silk Willoughby,52.972556,-0.4259412
Sixhills,53.3675825,-0.2415721
Skellingthorpe,53.2373033,-0.6155526
Skendleby,53.204597,0.1441368
Snelland,53.311738,-0.3845316
Snitterby,53.4404004,-0.5177747
Somerby,53.5454788,-0.3990781
South Carlton,53.275875,-0.5702097
South Cockerington,53.3800101,0.0739265
South Elkington,53.376157,-0.051418
South Hykeham,53.1696615,-0.5985305
South Kelsey,53.4707387,-0.4310635
South Killingholme,53.6288971,-0.2607276
South Kyme,53.0315636,-0.2513272
South Ormsby,53.2564228,0.0519777
South Rauceby,52.9966735,-0.4701711
South Reston,53.3277906,0.1070614
South Scarle,53.1662444,-0.7333042
South Somercotes,53.4227665,0.13124
South Thoresby,53.2718996,0.1008657
South Willingham,53.3324886,-0.2060041
South Witham,52.7645587,-0.6278948
Southrey,53.1846652,-0.296227
Spridlington,53.3482889,-0.4886396
Springthorpe,53.3966831,-0.6837717
Stainby,52.7952875,-0.6546456
Stainfield,52.8125664,-0.3992388
Stainton by Langworth,53.286928,-0.4077725
Stainton le Vale,53.4328464,-0.2339688
Stallingborough,53.587142,-0.1841336
Stapleford,53.1092224,-0.6831995
Stenigot,53.3136892,-0.1168094
Stewton,53.3621662,0.0446575
Stickford,53.1207193,0.0212157
Stickney,53.0924582,0.0036003
Stixwould,53.1777976,-0.2417655
Stow,53.3287175,-0.6776672
Stragglethorpe,53.0601309,-0.6386443
Stroxton,52.8700106,-0.6564741
Stubton,53.029719,-0.6998941
Sturton by Stow,53.3138879,-0.663853
Surfleet,52.8351289,-0.1426897
Sutterton,52.9029627,-0.0904811
Sutton Bridge,52.768304,0.1915749
Sutton St Edmund,52.7003125,0.0244768
Sutton St James,52.7447684,0.0691516
Swaby,53.2761163,0.0784392
Swallow,53.5102865,-0.2263426
Swarby,52.9526237,-0.4426767
Swaton,52.923601,-0.3155144
Swayfield,52.7939132,-0.5317046
Swinderby,53.1564789,-0.7038581
Swinhope,53.4496098,-0.1731891
Swinstead,52.7899167,-0.492952
Syston,52.9574708,-0.6186966
Tallington,52.6595304,-0.3858311
Tathwell,53.3277316,-0.0183869
Tattershall,53.1044519,-0.1906504
Tattershall Thorpe,53.1224705,-0.1804954
Tealby,53.401215,-0.2622838
Tetford,53.251946,-0.0066612
Tetney,53.490273,-0.0227554
Theddlethorpe St Helen,53.3725814,0.2222108
Thimbleby,53.2128,-0.1477128
Thistleton,52.7515267,-0.64788
Thoresway,53.4542459,-0.2402361
Thorganby,53.4619832,-0.1818861
Thornton,53.1929688,-0.1379511
Thornton le Moor,53.4528641,-0.4184562
Thorpe on the Hill,53.1793764,-0.6428738
Threekingham,52.9123241,-0.3811258
Thurlby,53.1436239,-0.6444047
Thurlby,52.7399396,-0.3739204
Timberland,53.1113167,-0.3273516
Toft next Newton,53.3811074,-0.4337254
Torksey,53.2995575,-0.7426995
Towngate,52.6832774,-0.3253474
Toynton All Saints,53.1545872,0.0805007
Toynton Fen Side,53.1376786,0.085211
Toynton St Peter,53.1484959,0.0995501
Trusthorpe,53.326783,0.2714389
Tumby Woodside,53.1014497,-0.1027435
Tydd Gote,52.7397048,0.1479294
Tydd St Giles,52.7256894,0.1079504
Tydd St Mary,52.7456824,0.131329
Uffington,52.6574316,-0.4313242
Ulceby,53.232771,0.129242
Upton,53.3713111,-0.6954811
Waddingham,53.4533093,-0.5194654
Waddington,53.1672819,-0.5403258
Wainfleet St Mary,53.103013,0.2275563
Walcot,52.9031205,-0.424169
Walcott,53.0936917,-0.3154167
Walesby,53.4155859,-0.2921546
Welbourn,53.0758465,-0.5581225
Welby,52.9335215,-0.550761
Well,53.2424233,0.1683289
Wellingore,53.0987094,-0.5324854
Welton le Marsh,53.1958774,0.2009413
Welton le Wold,53.3681803,-0.0862539
West Ashby,53.2333284,-0.1042612
West Deeping,52.6655571,-0.3625475
West Keal,53.1496161,0.0437996
West Rasen,53.3916869,-0.4035698
West Ravendale,53.4818067,-0.1515867
West Torrington,53.3230326,-0.2945516
Westborough,52.9926368,-0.7333743
Weston,52.8056758,-0.0865961
Weston Hills,52.7694189,-0.1055095
Whaplode,52.7994628,-0.0360638
Whaplode Drove,52.7031078,-0.0495919
Whaplode St Catherine,52.761638,-0.0142051
Wickenby,53.3234976,-0.3678494
Wigtoft,52.9081002,-0.1227208
Willingham by Stow,53.3501237,-0.6853095
Willoughby,53.2241885,0.2024603
Willoughton,53.427457,-0.5999815
Wilsford,52.9751479,-0.5050414
Wilsthorpe,52.7105945,-0.3849947
Winthorpe,53.1657623,0.3346971
Witham on the Hill,52.7370919,-0.4422578
Witham St Hughs,53.1474397,-0.6651128
Withcall,53.3372789,-0.0732965
Withern,53.316533,0.1438498
Wold Newton,53.4517959,-0.1283258
Wood Enderby,53.1577693,-0.0949588
Woolsthorpe,52.8096267,-0.6322203
Woolsthorpe-by-Belvoir,52.896977,-0.7568053
Wragholme,53.4581341,0.0730896
Wrangle,53.0403497,0.124892
Wyberton,52.9544795,-0.0411564
