Barn Street,51.4610554,0.6100298
Beluncle,51.4298164,0.5874527
Berrycourt,51.451528,0.5118418
Broad Street,51.4198996,0.5432037
Buckland,51.4465691,0.4899764
Capstone,51.3556741,0.5587298
Church Street,51.4405659,0.468196
Cooling Court,51.4468795,0.524384
Darland,51.3616539,0.559505
Dunn Street,51.3272353,0.5722142
Dux Court,51.4428131,0.5535479
East Rainham,51.3761795,0.6172646
Eastborough,51.4576007,0.5452856
Farthing Corner,51.3387765,0.6042709
Fenn Street,51.4505201,0.5889325
Gattons Farm,51.4480372,0.5115204
Gore Green,51.4326619,0.4821869
Haven Street,51.4239408,0.5044684
Holborough Lakes,51.3372081,0.4397018
Hoo Lodge,51.4151938,0.5479098
Kemsley Street,51.3325266,0.5888797
Lee Green,51.4258719,0.4929795
Lidsing,51.3309015,0.5623777
Lillechurch,51.4299286,0.4858721
Little Oakleigh,51.4371076,0.4853797
Lower Stoke,51.4543331,0.6364514
Meresborough,51.3482549,0.6119363
Middle Stoke,51.4488776,0.6328628
North Halling,51.3640471,0.4480679
North Street,51.4381057,0.5996857
Oakleigh,51.4412733,0.4816056
Perryhill,51.4417105,0.5049226
Ryestreet,51.4596324,0.5132446
Shakespeare,51.4676289,0.612218
Sharnal Street,51.4411168,0.578249
Silver Street,51.4237623,0.4982801
Spendiff,51.4424958,0.5177893
Swigshole,51.4691201,0.5739094
The Mount,51.4201951,0.5075891
Tunbridge Hill,51.4364264,0.5957387
Upper Luton,51.3663662,0.5494666
Walnut Tree,51.4527561,0.5766089
West Court,51.451474,0.4801314
White Hall,51.4347249,0.6014383
Whorns Place,51.3694793,0.4491248
Isle of Grain,51.4542655,0.6948865
Abbot's Court,51.4202685,0.5789021
Allhallows Marshes,51.4679374,0.6641577
Bill Street,51.4080137,0.499261
Bridge Reach,51.3908556,0.4995189
Buckland Marshes,51.4671104,0.5503435
Buxcks Pounds,51.4660386,0.6922017
Chatham Reach,51.3952247,0.5237273
Cliffe Marshes,51.4747757,0.4881447
Cold Arbour,51.4400704,0.5979363
Cooling Marshes,51.4746499,0.5294905
Crakham Marsh,51.4217843,0.6336983
Cuckold's Green,51.4568253,0.6248202
Dalham,51.4496764,0.5478239
Egypt Saltings,51.4815832,0.556482
Frindsbury Extra,51.4088235,0.5032567
Grain Marsh,51.464048,0.6969672
Grange,51.3884268,0.579165
Halstow Marshes,51.4770012,0.5563706
Hempstead Valley,51.3448574,0.5749257
Higham Marshes,51.4489746,0.4610656
Holborough,51.33917,0.4445226
Hoo Salt Marsh,51.4065861,0.5688252
Horrid Hill,51.3902481,0.6021288
Lees Marsh,51.4695809,0.698683
Limehouse Reach,51.3907174,0.5125539
Lodge Hill,51.4381414,0.5276733
Lords Wood,51.3364013,0.5437333
Lower Halling,51.3562974,0.44394
Medway Gate,51.3850064,0.4767786
New Town,51.3557212,0.4458459
Nor Marsh,51.3985629,0.6019877
North Level,51.4703963,0.6856142
Redham Mead,51.4747401,0.4681204
Ryestreet Common,51.4670418,0.5179451
Settington,51.351282,0.5338125
Spekes Bottom,51.3574656,0.5722203
St Mary's Marshes,51.4756173,0.5896649
Temple Marsh,51.3836869,0.4888953
The Mean,51.4753155,0.5718039
Tunbury Wood,51.33261,0.5281057
Upnor Reach,51.4077185,0.5312272
Walderslade Bottom,51.3382,0.5264798
Wallend,51.4501023,0.6993488
Weeds Wood,51.3457063,0.5167375
West Street,51.4596083,0.491503
Whalebone Marshes,51.4635318,0.5422175
Whitewall Creek,51.399411,0.5218326
Wouldham Marshes,51.367577,0.4623136
Brompton,51.3918837,0.5370854
Luton,51.3689842,0.547464
Parkwood,51.3468466,0.5972271
Rainham,51.3642835,0.6014889
Rainham Mark,51.3700091,0.5831501
Snodhurst,51.3591849,0.5216575
St. Marys Island,51.4066237,0.5404695
Troy Town,51.3836148,0.5053086
Twydall,51.3748916,0.5830945
Wayfield,51.3598034,0.5308198
Wigmore,51.3487835,0.5841938
Chatham,51.3804845,0.5292758
Gillingham,51.3876562,0.5457712
Rochester,51.389062,0.5049347
Strood,51.3958567,0.4950799
Walderslade,51.3429452,0.5267802
Allhallows,51.4677048,0.6446846
Borstal,51.3744093,0.4854657
Bredhurst,51.3316998,0.5796016
Chattenden,51.423693,0.5272092
Cliffe,51.4623809,0.5006686
Cliffe Woods,51.4336909,0.4988686
Cooling,51.4556406,0.5277971
Cuxton,51.3750461,0.4557131
Frindsbury,51.4001957,0.5065038
Grain,51.4555287,0.7160768
Hale,51.3635313,0.5551229
Halling,51.354593,0.4440944
Hempstead,51.3511329,0.5697468
High Halstow,51.4485052,0.5612198
Hoo St Werburgh,51.4235191,0.5591944
Kingsnorth,51.4283438,0.5996326
Lodge Hill,51.437007,0.5422334
Lower Rainham,51.3791503,0.6058171
Lower Upnor,51.4124328,0.530373
St Mary Hoo,51.4593806,0.5959181
Stoke,51.4469453,0.6224795
Upper Halling,51.3508192,0.4284132
Upper Upnor,51.4059432,0.5254288
Wainscott,51.4112343,0.5105276
