Norwich,52.628606,1.29227
Alby,52.8460689,1.2774789
Alby Hill,52.8616809,1.258891
Alderford,52.7254052,1.1431065
Anchor Corner,52.5418971,0.9533776
Bacton Green,52.8536088,1.4762272
Barningham Green,52.8564986,1.1575501
Barningham Winter,52.8761495,1.1878323
Beckett End,52.5559366,0.6142325
Beckhithe,52.6112578,1.1808378
Bedingham Green,52.4853287,1.3731295
Beeston St Lawrence,52.7438237,1.4482171
Belaugh,52.716876,1.3880553
Bengate,52.7954238,1.4184325
Billingford,52.3679601,1.1800943
Bittering,52.7210101,0.8695722
Bittering Street,52.7155831,0.9020487
Bixley,52.6068,1.3308989
Black Car,52.5196679,1.0866609
Blo Norton,52.3750179,0.9578704
Bodney,52.5552013,0.6966774
Breckles,52.5104374,0.8795036
Brettenham,52.4161098,0.8363133
Briggate,52.7942658,1.4328941
Brinton,52.8790913,1.0248144
Brisley,52.7559129,0.8873673
Broom Green,52.7776607,0.9463156
Broome Street,52.4787096,1.4615019
Broomholm,52.8461007,1.4841796
Browston Green,52.555944,1.6818952
Bull's Green,52.4934131,1.5602694
Bunwell Street,52.5032071,1.1158253
Burgh next Aylsham,52.7787941,1.2881614
Burlingham Green,52.6424639,1.4911195
Bush Green,52.4432198,1.2479164
Bustard's Green,52.4860875,1.2040058
Calthorpe Street,52.7730358,1.5616163
Carbrooke,52.5822544,0.8779423
Cargate Green,52.6613293,1.5335771
Cess,52.7042624,1.6172798
Clint Green,52.6587878,0.9899427
Cockley Cley,52.6065631,0.6464796
Cockthorpe,52.9402315,0.948575
Coldham Green,52.5626997,1.0205334
Colkirk,52.8035594,0.8457043
Copys Green,52.9174089,0.8910705
Crabgate,52.8039534,1.1100218
Cranwich,52.5234413,0.6219723
Crowgate Street,52.7419309,1.4202168
Crownthorpe,52.5865557,1.0731089
Daffy Green,52.6502955,0.8974456
Dam Brigg,52.4700666,1.0643342
Deopham Green,52.5522158,1.0137493
Didlington,52.5451865,0.6225085
Dillington,52.6937292,0.9174512
Drymere,52.6260422,0.6322072
Dumpling Green,52.6678805,0.9609441
East Bilney,52.737878,0.8953011
East Lexham,52.7181703,0.7488872
Eastgate,52.7630603,1.1810975
Easthaugh,52.714824,1.0851355
Eccles,52.466946,0.9705198
Edge Green,52.4246307,1.0026512
Etling Green,52.6848015,0.9795109
Fersfield,52.4045001,1.0358045
Filby Heath,52.6581495,1.6832358
Fishley,52.6504352,1.5449231
Flaxlands,52.4948623,1.1011216
Forncett End,52.4997301,1.1511829
Forncett Saint Mary,52.4988337,1.1892226
Foxhole,52.5269118,1.2688853
Foxley,52.7541364,1.0194385
Frenze,52.3782911,1.1389947
Frogshall,52.8954506,1.3449922
Frost Row,52.580093,0.9652072
Fulmodeston,52.8394994,0.9577797
Fundenhall,52.5244114,1.1698251
Gasthorpe,52.3902187,0.9032085
Gateley,52.7796922,0.9063822
Godwick,52.7648394,0.8204985
Great Hautbois,52.7390265,1.3486254
Great Melton,52.6167107,1.1449413
Great Witchingham,52.736808,1.114454
Greensgate,52.6988221,1.1099707
Gressenhall,52.699165,0.9022452
Griston,52.5555707,0.8641612
Guist,52.7914764,0.9622652
Guist Bottom,52.8026104,0.9455404
Hackford,52.5807404,1.0386814
Happisburgh Common,52.8072377,1.5257624
Hardingham,52.5938119,1.0170994
Hargham,52.4912244,0.9857923
Hart's Corner,52.4437404,1.1059741
Haveringland,52.7271999,1.2026183
Haverscroft Street,52.5029191,0.9993999
Hawes' Green,52.5436563,1.3012767
Hedenham,52.4803654,1.4044046
Hemblington,52.650895,1.4689619
Hempstead,52.7976759,1.5629554
High Green,52.6060641,1.1507152
Highoak,52.5661621,1.0583456
Hilborough,52.5699467,0.6908725
Holkham,52.9591025,0.8143613
Horningtoft,52.7711452,0.8670615
Howe,52.5490639,1.3521979
Ickburgh,52.5207993,0.6674303
Intwood,52.5909628,1.2424023
Ivy Todd,52.6506764,0.8031422
Johnson Street,52.7028766,1.5155405
Kelling,52.9424359,1.1146832
Kempstone,52.7075421,0.7877315
Kerdiston,52.7789008,1.0782467
Kimberley,52.5926164,1.0528188
Kirby Bedon,52.6020162,1.369255
Kirby Row,52.4825495,1.4924624
Kirstead Green,52.5241135,1.3825357
Knettishall,52.3869267,0.8907638
Langham,52.9305059,0.9846925
Larling,52.4697069,0.9104679
Letton Green,52.6219537,0.9274059
Little Barningham,52.8542067,1.1761628
Little Cressingham,52.5645396,0.7601889
Little Green,52.4959178,1.1313988
Little Hale,52.6235418,0.8668977
Little Hautbois,52.7472689,1.337943
Little Hockham,52.482126,0.8695789
Little London,52.8302894,1.1264232
Little London,52.5384526,0.5973387
Little Thornage,52.9033148,1.0601829
Little Witchingham,52.7386335,1.1381257
Longham,52.7038645,0.8717642
Low Street,52.4094092,1.3407113
Low Street,52.6102826,1.0188311
Lower Bodham,52.9063637,1.1514134
Lower Stow Bedon,52.5134872,0.9002362
Lower Street,52.7045727,1.4357022
Lower Street,52.3628102,1.1809866
Lower Street,52.8635059,1.2144379
Lower Thurlton,52.5361634,1.5766024
Lyng Easthaugh,52.7144899,1.0971722
Manson Green,52.5936477,0.982552
Matlaske,52.8677115,1.1942716
Maypole Green,52.5035062,1.5616173
Middle Harling,52.4312621,0.9163821
Nethergate,52.8222424,1.0480894
Newgate,52.945991,1.0501739
Newport,52.6870248,1.7112155
Newton,52.7056105,0.707499
Nogdam End,52.5488836,1.5370009
North Barningham,52.8890237,1.1933738
North End,52.4896666,0.9436441
Northacre,52.5486045,0.8834962
Northall Green,52.6951896,0.9539699
Norton Corner,52.811253,1.1055908
Old Beetley,52.7297618,0.9182271
Old Hall Street,52.8493803,1.4173446
Oulton Street,52.8019339,1.1918219
Oxwick,52.7879718,0.8350782
Pedham,52.6571624,1.4530913
Pettywell,52.7634124,1.0873955
Pockthorpe,52.7777725,1.012727
Pockthorpe,52.6109867,1.138702
Pollard Street,52.8416776,1.4659827
Potthorpe,52.7610157,0.881657
Pristow Green,52.4561249,1.1372803
Quidenham,52.4511052,0.982531
Ranworth,52.6774279,1.4841621
Redenhall,52.4110356,1.3257839
Repps,52.6977829,1.5746994
Riddlesworth,52.397135,0.8940187
Ridlington,52.825005,1.4830681
Rockland Saint Mary,52.5856397,1.4122961
Rockland St. Peter,52.5373978,0.9352887
Roudham,52.4468662,0.8764356
Rougham,52.7507434,0.7118298
Runhall,52.621768,1.0337883
Runham Swim,52.6342689,1.6540881
Rushall,52.3985648,1.2288834
Saham Hills,52.5963233,0.8072784
Salle,52.7804034,1.1248665
Santon Downham,52.456272,0.6680624
Saxlingham Thorpe,52.5301383,1.2654447
Scarning,52.6710024,0.8888979
Sco Ruston,52.7489864,1.3806992
Scoulton,52.5687973,0.9285802
Shadwell,52.4119498,0.8463158
Sharrington,52.8897002,1.020431
Short Green,52.4346614,1.0830075
Shotesham,52.5423235,1.318101
Shropham,52.501049,0.9203546
Silfield,52.5511266,1.132824
Silvergate,52.8039539,1.2252028
Smallworth,52.3880066,0.9473269
Sneath Common,52.4585811,1.1747221
South Burlingham,52.6147837,1.5077039
South End,52.4755678,0.9312041
Southburgh,52.6045078,0.9464978
Southgate,52.7784535,1.1655255
Sparham,52.7344563,1.0700471
Sparrow Green,52.6952047,0.8829869
Stacksford,52.4744958,1.0184685
Stanfield,52.749874,0.869421
Stibbard,52.8162715,0.9400525
Stockton,52.4910311,1.5212459
Stonebridge,52.4809891,0.8368389
Stow Bedon,52.5283893,0.8814822
Swafield,52.8386179,1.3937214
Testerton,52.8039301,0.8716457
The Arms,52.5484625,0.7624752
The Ashes,52.4779705,1.1080285
The Heywood,52.4077291,1.1194135
The Heywood,52.4291252,1.1218284
The Lowlands,52.8326237,1.2315433
Themelthorpe,52.7735991,1.0487611
Thornage,52.8849356,1.0466094
Thorpe,52.5257729,1.5902924
Thorpe Abbotts,52.3728654,1.2230225
Thorpe Row,52.6415901,0.9119124
Threxton,52.5647684,0.7774108
Thurgarton,52.8662675,1.2414571
Thurlton Links,52.5254857,1.559565
Thursford Green,52.8721423,0.9382436
Thwaite,52.8464315,1.262761
Thwaite St Mary,52.5024399,1.4373225
Toftrees,52.8115332,0.8160084
Topcroft Street,52.476236,1.3329892
Toprow,52.5366948,1.1934052
Tunstall,52.6158291,1.5701846
Twyford,52.7796058,0.9888972
Upgate,52.7189995,1.1706725
Upper Brandon Parva,52.6393762,1.0264815
Upper Guist,52.7975038,0.970741
Upper Stoke,52.5728181,1.324977
Upper Street,52.6977773,1.4896562
Upper Street,52.3743813,1.1972124
Upper Street,52.7672976,1.4155221
Wattlefield,52.5262371,1.1120474
Weasenham All Saints,52.7595061,0.7402569
Weasenham Saint Peter,52.7678257,0.7481008
West Caister,52.644868,1.7033288
West End,52.6432431,1.6920249
West Harling,52.42764,0.9042893
West Lexham,52.7215106,0.7295325
Westfield,52.6470664,0.9425263
Weston Green,52.6862785,1.1152651
Westwick,52.7919727,1.3713684
Wheatacre,52.4871575,1.627544
Whimpwell Green,52.812802,1.5380148
Whinburgh,52.6425626,0.9661102
White Horse Common,52.8133057,1.4129415
Wilby,52.4696155,0.9906484
Withergate,52.7929146,1.4065202
Wolterton,52.8397367,1.2126696
Wood Dalling,52.7996083,1.0988598
Wood Norton,52.8101973,0.9836793
Woodrising,52.5924602,0.9325527
Worthing,52.7392114,0.9600121
Wramplingham,52.6146945,1.1216127
Abb's Common,52.9285369,1.2617201
Almary Green,52.6304074,1.3000185
Attlebridge Hills,52.6987627,1.1689307
Back Common,52.9409177,1.2199079
Bacton Wood - Open Acess Land,52.826139,1.4300136
Bankside,52.542619,1.7328132
Barsham Marshes,52.4587205,1.5421642
Batesmoor,52.7878817,1.0219139
Batts Corner,52.9210037,1.1975524
Bawdeswell Heath,52.739234,1.0106101
Bayfield,52.9252608,1.0607716
Beachfield,52.5395032,1.735724
Beech Hill,52.6277052,1.3328943
Beeston Bump,52.9428474,1.2253633
Beeston Regis Common,52.9344702,1.2200139
Beeston Regis Heath,52.9294894,1.2317806
Belaugh Hole,52.7211093,1.3876815
Bell's Close,52.4622225,0.725279
Berney Arms,52.5904487,1.630272
Bexfield,52.7859883,1.0055807
Big Plantation,52.7079927,1.1838969
Bintree Woods,52.7597039,0.9660206
Bird's Corner,52.6448202,0.9272037
Birkdale,52.5426864,1.7291612
Black Park,52.6983702,1.2648021
Blackhouse Carr,52.6891276,1.4606959
Blackmoor Row,52.6225716,0.9105364
Bluestone Plantation,52.7889472,1.1708756
Blunt's Corner,52.9181295,0.8134121
Bowthorpe Shopping Centre,52.6373062,1.21752
Bragmere Pits,52.4895861,0.8475233
Brakehill Lodge,52.5973913,0.8748348
Brakey Dole,52.9254388,1.2554345
Brandon Stanch,52.4494163,0.6157802
Breydon Carr,52.6918613,1.4643618
Brook Park,52.7188439,1.4210885
Brown Bomb Hole,52.4797354,0.6809148
Bull Hills,52.5463456,1.1703528
Bunker's Hill,52.8405629,1.0041187
Bunker's Hill,52.909153,0.8340998
Bunker's Hill,52.8724577,1.1022746
Bunker's Hill,52.8167397,1.2090566
Bunker's Hill,52.6364289,1.2310829
Bunker's Hill,52.9403323,1.20331
Bunker's Hill Plantation,52.8192426,1.1976265
Bush Estate,52.8092861,1.5632611
Bylaugh Wood,52.7361464,1.0160466
Cadder's Hill,52.7141957,1.0594894
Capps' Buch,52.5578165,0.7920235
Carol House,52.6305625,0.7038754
Castle Green,52.6276384,1.2971576
Castle Meadow,52.4123362,0.7559886
Castle Mound,52.628211,1.2962787
Chedgrave Common,52.5399509,1.4957439
Chedgrave Marshes,52.5628954,1.61447
Cobbler's Green,52.479715,1.3678916
Cockshoot Carr,52.6873181,1.4636107
Collen's Pit,52.7099402,1.0649228
Common End,52.7958445,0.8589061
Common Hill,52.9032015,1.0789299
Conifer Court,52.541467,1.7312274
Coslany,52.5471304,1.1693804
Cow Plantation,52.7006691,1.2591652
Crackthorn Corner,52.364411,0.983684
Cranes Corner,52.6837179,0.8338735
Cranwich Heath,52.511647,0.6083778
Croft Hill,52.9387472,1.1159141
Crowshill,52.6206143,0.8779425
Croxton,52.8402553,0.9452998
Croxton Stanch,52.4498973,0.7165574
Curds Hall,52.6771628,0.7899054
Dam Green,52.4262929,1.0140428
Darrow Green,52.4543826,1.3267617
Dead Man's Hill,52.9438345,1.1684367
Debro's Wood,52.5470552,1.1675064
Deighton Hills,52.6975962,1.1813951
Diamond Jubilee Wood,52.7279003,1.2969004
Doves Corner,52.756566,1.5713917
Drabblegate,52.8063872,1.2619423
"Drayton Drewray, Open Access Area",52.7011001,1.2151937
Drury Square,52.7003884,0.8142143
Duck & Cover,52.4196363,0.6833494
Dunsford,52.5482915,1.169186
Earsham Hall,52.4580194,1.3957767
Fairway,52.5388102,1.7351543
"Felthorpe Common, Open Access Area",52.7053945,1.2181965
Fersfield Lodge,52.419955,1.0281016
Fiddler's Green,52.7112659,0.7018351
Field Barn,52.4488688,0.7339608
Five Cross Ways,52.5851698,1.2070807
Five Crossways,52.724935,1.4164853
Forsters,52.5470659,1.1719617
Fox Hill,52.9430826,1.1282746
Freeland Corner,52.7030282,1.1963492
Fulcher's,52.5535162,1.1657384
Gallows  Hill,52.4732173,0.9653104
Gallows Hill,52.3661808,0.9944573
Golden Triangle,52.6236443,1.2768408
Gramborough Hill,52.9542423,1.1031051
Gravelpit Hill,52.898768,1.1170839
Great Wood,52.8213396,1.2124237
Green Bomb Hole,52.4734383,0.6669334
Greenways,52.5405402,1.7338823
Grove Hill,52.909022,1.0714434
Halifax Court,52.6729115,1.2929293
Hethersett Parish Pit,52.6115801,1.1728744
Hevingham Park - Open Access,52.7367537,1.2517373
Hickling Green,52.7564153,1.5685666
Hickling Heath,52.7491392,1.5639103
High Starlings,52.4464763,1.0111618
Hill Common,52.535857,0.9974318
Hill Cottages,52.6181731,1.355404
Hills and Holes,52.482872,0.8859864
Holmemead,52.6188999,1.3555686
Holt Country Park,52.8973144,1.0973761
Holt Lowes,52.8945105,1.1025982
Hopton Point,52.5419034,0.7511495
Horizons,52.540882,1.7358489
Horseford Woods,52.7168029,1.2514185
Horsepit Brake,52.9029075,1.1222113
Horsey Corner,52.7540756,1.6388211
Houghen Plantation,52.7099516,1.223493
Houghton Common,52.6144402,0.7688512
Howe's Hill,52.9240458,1.1723554
Hungry Hill,52.6903738,0.7048321
Hurn's Hole,52.9159251,1.0752139
Ingham Corner,52.7889636,1.546286
Kelling Hard,52.9521398,1.11878
Kelling Heath,52.9356922,1.1231082
Kelling Park,52.9264318,1.1150563
Kenninghall Place,52.4291577,1.0420268
Lacon's Corner,52.6441595,1.6718314
Langley Marshes,52.579803,1.639571
Lansdown,52.540723,1.7350724
Letton,52.6114589,0.9155238
Lodge Bottom,52.9052711,1.1172398
Long Row,52.4929244,1.412886
Low Street,52.6766104,1.0333019
Low Street,52.6841477,1.6335205
Lower Green,52.5962208,1.5575697
Lower Green,52.8963566,0.9588188
Lower Southrepps,52.8685528,1.3583402
Lower Tasburgh,52.522928,1.2381488
Lundy Green,52.4827604,1.3057961
Lundy Green,52.4831534,1.2936099
Lyngate,52.8334887,1.3738324
Lytham,52.542458,1.7279515
Mackey's Hill,52.8990503,1.1069459
Mansom Green,52.7367709,1.265711
Marsham Heath - Open Access Land,52.7684119,1.2176191
Mendham Mill,52.4008559,1.3370822
Mentmore,52.5427239,1.7307958
Middle Stanch,52.4260004,0.7207998
Mileplain Plantation,52.7067608,1.1726553
Narrowgate Corner,52.6793243,1.6186513
Newton Greenways,52.5450368,1.2533819
North End Hollow,52.9432285,1.1865231
Nowhere,52.7395569,1.0826808
Nuns' Bridges,52.4089887,0.7534157
Ocean View,52.5420163,1.7354119
Old Hall Barns,52.386477,1.0479417
Old Hithe,52.9458608,1.1858313
Old Mint Yard,52.6335813,1.2972012
Ostend,52.8380035,1.5100018
Over Cross,52.4613542,1.0314389
Oxborough Hithe,52.5693925,0.5563658
Paper Houses,52.4249915,0.9132737
Penny's Green,52.5491193,1.1740832
Pinfold Hill,52.9436466,1.0916024
Pockthorpe,52.7206896,1.0689487
Pork Pie Pit,52.4702228,0.654606
Pretty Corner,52.9255994,1.1997749
Puddledock,52.4959406,0.859427
Red Bridge,52.4929965,0.9396697
Reeve's Corner,52.6548353,1.3851409
Riddlesworth Equestrian Centre,52.4009625,0.8783912
Road Green,52.4965426,1.3270835
Round Hills,52.9325782,1.156778
Row Heath,52.9263412,1.2371666
Rowley Corner,52.5908754,0.6956317
Rush Piece,52.548012,1.1724213
Rust's Green,52.6197903,1.0672812
Saint Andrews,52.5450728,1.7287756
Saint Helen's Square,52.6328853,1.304096
Salthouse Heath - Open Access,52.9389973,1.0825172
Sandy Hill,52.9304394,1.1498568
Sandy Hill,52.8997912,1.1098118
Santon Downham Stanch,52.4529365,0.6849611
Saxlingham Meadows,52.5230488,1.2930151
Sedgemarsh Carr,52.6888813,1.4663845
Shadwell Stud,52.4026384,0.8403146
Sheepwash Stanch,52.4525671,0.586009
Shelton Green,52.4683245,1.2894506
Sheringham Poor Land,52.9399339,1.1045673
Sherwood,52.5494096,1.1716788
Shooter's Hill,52.7334049,1.2063294
Shorefield,52.5382477,1.7366761
Silverland Hill,52.9444337,1.0986795
Sisland Carr,52.5411488,1.4561813
Skeyton Corner,52.7974212,1.3410297
South Denes,52.5798469,1.7348168
South Walsham Fen,52.6616768,1.4735787
South Water Ford,52.5706129,0.7270714
Southreach,52.5378538,1.735326
Sparrow Dale,52.9311039,1.1706714
Spion Kop,52.9358332,1.1191894
Spout Hills,52.9048478,1.0824782
St James Place,52.6357065,1.3020194
Strikes Corner,52.7687723,1.3825329
Sunningdale,52.5436019,1.7288839
Swan's Harbour,52.6245743,1.1352932
Swannington Bottom Plantation,52.7152498,1.1889842
Tas-Valley Cricket Ground,52.5274622,1.2383705
The Belfry,52.5438266,1.7312298
The Blessed Sacrament Chapel,52.9313016,1.1891413
The Car,52.4895506,1.0396472
The Close,52.6308963,1.3023614
The Dales,52.927231,1.1685536
The Dales,52.9319736,1.1846657
The Grange,52.5024421,1.6065338
The Hangs,52.9254798,1.1026957
The Heater,52.9256678,1.1067899
The Links,52.5413336,1.727936
The Links,52.5416473,1.7291906
The Lowes,52.9251389,1.0897503
The Lows,52.9066939,1.1385296
The Quag,52.9506715,1.1160701
The Valleys,52.9216148,1.2575035
The Wilderness,52.7001496,1.2759258
Thetford Stanch No. 1,52.4152844,0.7349776
Thetford Warren,52.4183057,0.6893643
Thorn Bush Dole,52.9238247,1.2224879
Thornage Common,52.8997324,1.0579131
Thorny Acacia Plantation,52.539586,1.4570826
Three Acres,52.5517424,1.1637052
Thurlton,52.5402259,1.7308684
Toftwood,52.6635514,0.9342325
Town Hill,52.9314555,1.2481869
Triumph Plantation,52.7034478,1.1717717
Troon,52.542372,1.7312601
Upper Sheringham Common,52.9239233,1.1656614
Upper Southrepps,52.8785768,1.3500642
Upton Green,52.6571395,1.5458133
Warborough Hill,52.9431531,1.1076282
Warham All Saints,52.9365761,0.902477
Warham St Mary,52.9377135,0.8893705
Warnes,52.5523337,1.1649605
Water Hill,52.9477935,1.1462501
Waterways,52.5432526,1.7338745
Wentworth,52.544528,1.7311488
West Beckham Common,52.9221673,1.1804348
West Wretham,52.4875222,0.7941477
Whitlingham Barns,52.619713,1.3593856
"Whitwell Common, OpenAccess Land",52.7411814,1.0859527
Wildflower Meadows,52.7271661,1.2949906
Witton Heath - Open Access Land,52.8230541,1.4355572
Woburn,52.5445345,1.7292312
Woman Hithe,52.9412274,1.2509405
Wood Farm,52.9253761,1.1810976
Woodclose,52.5512587,1.1677362
Woodcock Corner,52.9057062,1.1250968
Woodland Meadow,52.7282901,1.29557
Bowthorpe,52.6371826,1.2183926
Cobholm Island,52.6070261,1.7187332
Earlham,52.6271083,1.2357203
Earlham Rise,52.6299292,1.2555064
Eaton,52.6160181,1.2688018
Eaton Rise,52.6086717,1.2767144
Gorleston-on-Sea,52.5751563,1.7276635
Heartsease,52.644418,1.3387253
Heigham Grove,52.6313583,1.2815564
Hellesdon,52.663731,1.2634663
Lakenham,52.6153383,1.3021692
Mile Cross,52.6516369,1.2773365
New Catton,52.6455499,1.2911845
New Costessey,52.64584,1.2289652
Newtown,52.6251154,1.7329167
North Earlham,52.6362461,1.2440497
Northgate,52.6159185,1.7273806
Old Catton,52.666957,1.3012416
Old Lakenham,52.6055157,1.2944659
Runham Vauxhall,52.614303,1.7214583
Southtown,52.599891,1.7219733
Sprowston,52.657665,1.3211436
Thorpe Hamlet,52.6292369,1.3142956
Thorpe St Andrew,52.6365023,1.3495006
Toftwood,52.6653855,0.9375536
Tuckswood,52.605921,1.2827526
West Earlham,52.6328235,1.2394427
Attleborough,52.5179648,1.0105931
Aylsham,52.7913927,1.2522409
Beccles,52.4583779,1.5622924
Brandon,52.4482313,0.6240803
Caister on Sea,52.6508309,1.72377
Cromer,52.9311367,1.3012758
Dereham,52.6802052,0.9386329
Diss,52.3774735,1.1108654
Fakenham,52.8369647,0.8488819
Great Yarmouth,52.6072426,1.7310768
Harleston,52.4022089,1.2990051
Hingham,52.579649,0.9867205
Holt,52.9054382,1.0928322
Loddon,52.534824,1.4819363
North Walsham,52.8194246,1.3874156
Reepham,52.7634606,1.1115326
Sheringham,52.9438831,1.21262
Stalham,52.77293,1.5147208
Swaffham,52.6481171,0.6909259
Thetford,52.4156001,0.748712
Watton,52.5699185,0.8253494
Wells-next-the-Sea,52.9549725,0.8515402
Wroxham,52.70782,1.4042889
Wymondham,52.5764773,1.117928
Alburgh,52.4287664,1.3426422
Alburgh Street,52.4409805,1.3290881
Aldborough,52.8611035,1.2433616
Aldeby,52.4843038,1.6068817
Alpington,52.5680467,1.3809897
Antingham,52.85098,1.3479335
Arminghall,52.5897338,1.3237818
Ashby,52.6836683,1.5754471
Ashby St Mary,52.5680106,1.4416827
Ashill,52.6057274,0.7879246
Ashmanhaugh,52.7347019,1.4235548
Ashwellthorpe,52.5337224,1.1543038
Aslacton,52.4743544,1.1747929
Attlebridge,52.7079487,1.1507469
Aylmerton,52.9101992,1.2428674
Baconsthorpe,52.8898444,1.1579473
Bacton,52.8508198,1.4792065
Banham,52.4496963,1.0402275
Banningham,52.8178874,1.2884681
Barford,52.6248676,1.1214802
Barney,52.8534892,0.9620254
Barnham,52.3799406,0.7528073
Barnham Broom,52.6246519,1.0750484
Barsham,52.4518337,1.5216392
Barton Turf,52.7489976,1.486988
Bastwick,52.7030964,1.587796
Bawburgh,52.6322861,1.1841299
Bawdeswell,52.7462069,1.0308935
Beachamwell,52.6173168,0.5858518
Beeston,52.7082005,0.8264523
Beeston Regis,52.9401585,1.2342813
Beeston St Andrew,52.6774162,1.331855
Beetley,52.7171562,0.9235703
Belton,52.5678306,1.6628618
Bergh Apton,52.5587634,1.3980066
Bessingham,52.8864782,1.2182863
Besthorpe,52.5257251,1.03649
Billingford,52.7437322,0.9833581
Billockby,52.6616034,1.586166
Binham,52.9188855,0.9499989
Bintree,52.7716518,0.9908253
Blakeney,52.9524572,1.0180932
Blickling,52.8099215,1.2259634
Blofield,52.6343884,1.4465414
Blofield Heath,52.6506764,1.4441456
Bodham,52.9166146,1.1604149
Bracon Ash,52.5531016,1.2177992
Bradenham,52.6411776,0.8400808
Bradfield,52.8519693,1.3688246
Bradwell,52.5741604,1.6986575
Brakefield Green,52.6449815,1.0005216
Bramerton,52.5941302,1.3879452
Brampton,52.7679641,1.2935735
Brandiston,52.7508182,1.1577377
Brandon Parva,52.6292023,1.0604523
Bressingham,52.3895938,1.0603483
Bridgham,52.4369814,0.8814524
Briningham,52.8668483,1.0273604
Briston,52.8504218,1.0616828
Brockdish,52.3699855,1.247257
Brooke,52.5426489,1.3774088
Broome,52.4688109,1.4544313
Broomsthorpe,52.8215623,0.7409697
Brumstead,52.7875559,1.5116998
Brundall,52.6234524,1.4383782
Buckenham,52.6008457,1.484144
Bunwell,52.4924406,1.1299637
Burgh Castle,52.5857037,1.6619305
Burgh St Peter,52.4844522,1.6322194
Burston,52.4056188,1.142822
Buxton,52.7547251,1.3067651
Caistor St Edmund,52.5873242,1.299583
California,52.6730486,1.717918
Calthorpe,52.8394261,1.2426116
Carleton Forehoe,52.6090778,1.0888198
Carleton Rode,52.4912865,1.1113791
Caston,52.5415431,0.8849727
Catfield,52.7402821,1.5354406
Cawston,52.7710905,1.1657651
Chedgrave,52.5413615,1.4811538
Claxton,52.5818419,1.4411432
Cley next the Sea,52.9526378,1.042686
Clippesby,52.6744566,1.5926408
Clippings Green,52.6715465,1.0270803
Colby,52.8367127,1.2981567
Colney,52.6255327,1.2218042
Coltishall,52.7283526,1.3594723
Colton,52.6447396,1.1174555
Corpusty,52.8271626,1.1339455
Costessey,52.6592947,1.2100682
Coston,52.6154112,1.0426422
Cranworth,52.6035922,0.9269964
Cringleford,52.604372,1.2399901
Crostwick,52.6953661,1.3409531
Crostwight,52.8138083,1.4647819
Croxton,52.4474701,0.7555784
Damgate,52.6332787,1.5508455
Denton,52.4470157,1.3539845
Deopham,52.567752,1.0257038
Dickleburgh,52.3977704,1.1900246
Dilham,52.772925,1.4554471
Ditchingham,52.4704905,1.4404243
Dunton,52.8384047,0.7910669
Earsham,52.4479974,1.4229091
East Barsham,52.8683384,0.8480827
East Beckham,52.9137614,1.2061422
East Carleton,52.5726308,1.2124838
East Harling,52.4392521,0.9326761
East Raynham,52.7938901,0.8004065
East Runton,52.9354034,1.2656849
East Ruston,52.7997114,1.4774036
East Somerton,52.7155624,1.6697932
East Tuddenham,52.6591873,1.0740694
East Wretham,52.4783733,0.820679
Easton,52.6533294,1.1573613
Eccles on Sea,52.8080479,1.5651401
Edgefield,52.8639507,1.1118468
Edgefield Green,52.8691458,1.1140287
Edingthorpe,52.8447205,1.447813
Ellingham,52.4811959,1.4847477
Elsing,52.7103929,1.0389018
Erpingham,52.8400292,1.2522252
Felbrigg,52.9105312,1.2733296
Felmingham,52.814062,1.3362096
Felthorpe,52.7161556,1.2078538
Field Dalling,52.9117762,0.9849629
Filby,52.6634873,1.6525895
Fleggburgh,52.6693905,1.6159025
Flordon,52.5299411,1.2268771
Forncett St Peter,52.492028,1.1869686
Foulden,52.5616124,0.6093117
Foulsham,52.7850989,1.0134846
Framingham Earl,52.579367,1.3412499
Freethorpe,52.5912833,1.5612511
Frettenham,52.7085962,1.3247301
Fritton,52.486131,1.2774045
Fritton,52.5432646,1.6363154
Garboldisham,52.3960756,0.9491963
Garvestone,52.6284658,0.9896928
Geldeston,52.4721469,1.5191655
Gillingham,52.470771,1.5465927
Gimingham,52.8808567,1.3973129
Gissing,52.4236015,1.1524743
Glandford,52.9318816,1.0382214
Gooderstone,52.5875773,0.6002073
Great Cressingham,52.5805196,0.7304828
Great Dunham,52.6931231,0.766954
Great Ellingham,52.5366889,0.9742263
Great Fransham,52.6856142,0.8029389
Great Hockham,52.4950713,0.8758592
Great Moulton,52.4654227,1.1878646
Great Plumstead,52.6416187,1.3996831
Great Ryburgh,52.8092537,0.9007565
Great Snoring,52.8737707,0.892459
Great Walsingham,52.9003084,0.8867278
Gresham,52.897874,1.2147627
Gressenhall,52.7131513,0.9062841
Guestwick,52.7993389,1.0508211
Gunthorpe,52.8716525,0.9916229
Haddiscoe,52.5146842,1.5976707
Hainford,52.7256833,1.2887267
Hales,52.522183,1.5080063
Halvergate,52.6059646,1.5735582
Hanworth,52.8718245,1.2629584
Happisburgh,52.8232637,1.5300546
Hapton,52.5238891,1.2053161
Hardley,52.5559968,1.5100809
Hardwick,52.4640878,1.2707833
Hassingham,52.5954361,1.4958073
Helhoughton,52.8041592,0.7696918
Hellington,52.5778176,1.414745
Hempnall,52.5013169,1.2974992
Hempstead,52.890296,1.1280208
Hempton,52.8267651,0.8386651
Hemsby,52.6978049,1.684706
Hethel,52.5560536,1.1835283
Hethersett,52.5996582,1.1771333
Hevingham,52.7427159,1.2518862
Heydon,52.8014613,1.1330984
Hickling,52.7528099,1.5697792
High Kelling,52.9161126,1.1274352
Hindolveston,52.8228164,1.0206042
Hindringham,52.8870643,0.9461217
Hockering,52.675647,1.0672108
Hoe,52.71262,0.948461
Holme Hale,52.6340196,0.793587
Homersfield,52.4190236,1.3600598
Honing,52.7970634,1.4493441
Honingham,52.6623289,1.1081171
Horning,52.702408,1.4654442
Horsey,52.7470952,1.6418048
Horstead,52.7265691,1.3510019
Houghton St Giles,52.8819345,0.8590086
Hoveton,52.7127945,1.4130238
Hunworth,52.8751269,1.0745299
Illington,52.4732374,0.8635395
Ingham,52.7798853,1.5416054
Ingworth,52.8192873,1.2525774
Irstead,52.7306796,1.5011871
Irstead Street,52.7229344,1.4912278
Itteringham,52.8325748,1.1841736
Kenninghall,52.4335083,0.9961241
Keswick,52.5921665,1.263011
Ketteringham,52.5839645,1.1871456
Kirby Cane,52.4828093,1.4903921
Lamas,52.7585095,1.3252151
Langford,52.5356811,0.7097128
Langley Street,52.5632975,1.4925242
Lenwade,52.7218917,1.1065449
Lessingham,52.7989674,1.5498194
Letheringsett,52.9070652,1.0659706
Limpenhoe,52.5771505,1.5423683
Lingwood,52.6216034,1.4903726
Litcham,52.7241096,0.7932797
Little Dunham,52.6783882,0.7611074
Little Ellingham,52.5544369,0.9564263
Little Fransham,52.6725036,0.8129025
Little Melton,52.6164175,1.1959386
Little Plumstead,52.6576794,1.4179244
Little Ryburgh,52.815727,0.918405
Little Snoring,52.8540285,0.9025544
Little Walsingham,52.8945177,0.8714796
Long Stratton,52.4879149,1.2309843
Lower Gresham,52.8986075,1.2303897
Ludham,52.7106916,1.5346951
Lyng,52.7201272,1.0601189
Marlingford,52.6362729,1.145027
Marsham,52.7689799,1.2527893
Martham,52.7043189,1.6367393
Mattishall,52.6596767,1.0282759
Mautby,52.6524524,1.6638412
Melton Constable,52.8553606,1.0332153
Mendham,52.3976685,1.337629
Merton,52.5534262,0.8116361
Mettingham,52.4583539,1.4830764
Metton,52.8887375,1.2684619
Mileham,52.7397736,0.8367634
Morley St Botolph,52.5556087,1.0575644
Morley St Peter,52.5465339,1.0418977
Morningthorpe,52.4858363,1.2644318
Morston,52.9538947,0.9851246
Morton,52.7109651,1.140424
Moulton St Mary,52.6148983,1.5385943
Mulbarton,52.564195,1.2345347
Mundesley,52.8780889,1.436264
Mundford,52.5093236,0.6567033
Mundham,52.5272416,1.4402687
Neatishead,52.7359857,1.4680584
Necton,52.651398,0.776995
Needham,52.3876956,1.2729707
New Buckenham,52.4717984,1.0723546
New Rackheath,52.6621881,1.3804239
Newton Flotman,52.5371378,1.2608416
North Barsham,52.8778119,0.8409973
North Burlingham,52.6363042,1.4986928
North Elmham,52.7498571,0.9405559
North Lopham,52.4077327,0.9890719
North Pickenham,52.6282344,0.7526803
North Tuddenham,52.6866809,1.0157799
Northrepps,52.9046911,1.3374448
Northwold,52.5441747,0.585751
Norton Subcourse,52.5330308,1.5517973
Oakley,52.3572037,1.1786061
Oby,52.675016,1.5614014
Old Buckenham,52.480253,1.0387773
Ormesby Saint Michael,52.6761817,1.6689317
Ormesby St Margaret,52.6755898,1.6893887
Oulton,52.8105745,1.1679681
Overstrand,52.9176376,1.3378252
Ovington,52.5848421,0.8397126
Oxborough,52.58254,0.5723137
Oxnead,52.7683673,1.3034272
Palling,52.7895122,1.5948859
Panxworth,52.6651341,1.4701635
Paston,52.8583852,1.4433759
Pennygate,52.752188,1.4775515
Plumstead,52.8691487,1.1669158
Poringland,52.5670782,1.3496312
Postwick,52.619464,1.3907832
Potter Heigham,52.7196336,1.5747217
Pulham Market,52.429416,1.2272897
Pulham St Mary,52.4214483,1.2508705
Rackheath,52.6738474,1.373638
Raveningham,52.5139275,1.5301426
Reedham,52.5596025,1.5659946
Reymerston,52.6145823,0.9820801
Ringland,52.6812771,1.1599148
Rockland All Saints,52.5308459,0.9342125
Roughton,52.8852283,1.2989556
Roydon,52.3816147,1.0845298
Runham,52.6407843,1.6385632
Rushford,52.3968678,0.8278374
Saham Toney,52.584582,0.8077365
Salhouse,52.677074,1.4061732
Salthouse,52.9511225,1.0876425
Saxlingham,52.9158475,1.0111633
Saxlingham Nethergate,52.5272952,1.2882856
Saxthorpe,52.8295234,1.1396554
Scole,52.3656924,1.1568858
Scottow,52.7622815,1.3765112
Scratby,52.6792799,1.7137473
Sculthorpe,52.8417623,0.8127847
Sea Palling,52.7880583,1.6017754
Seething,52.5266644,1.4160655
Shelfanger,52.4117364,1.0975712
Shelton,52.4712995,1.2671602
Shereford,52.830365,0.8028963
Shimpling,52.4043425,1.1629895
Shingham,52.6158002,0.6001985
Shipdham,52.6283939,0.8947419
Shipmeadow,52.4564711,1.5051349
Sidestrand,52.9071856,1.359732
Sisland,52.532444,1.4560949
Skeyton,52.7824862,1.3330232
Sloley,52.7717362,1.3966332
Smallburgh,52.7680917,1.4538416
Snetterton,52.4821011,0.9352583
South Green,52.6535064,1.0370689
South Lopham,52.3919085,0.9991186
South Pickenham,52.6035592,0.7400626
South Raynham,52.7799204,0.7862519
South Walsham,52.6641581,1.4959985
Southrepps,52.8736868,1.3528657
Southwood,52.5932064,1.5362915
Spixworth,52.6871966,1.323195
Spooner Row,52.5338466,1.086532
St Olaves,52.5369334,1.626706
Stalham Green,52.768234,1.5281106
Stanford,52.5177916,0.7311987
Starston,52.411973,1.2857178
Stiffkey,52.95,0.9345879
Stody,52.8747918,1.0507694
Stoke Holy Cross,52.5682066,1.296482
Stokesby,52.6389181,1.5917907
Stratton Strawless,52.737526,1.2904123
Strumpshaw,52.6161478,1.4695505
Suffield,52.8458607,1.3126036
Surlingham,52.6068763,1.4150013
Sustead,52.8863369,1.2489388
Sutton,52.7608025,1.5327179
Swainsthorpe,52.5608226,1.2739884
Swannington,52.7263717,1.1604663
Swanton Abbott,52.7798467,1.3564659
Swanton Morley,52.7080482,0.981583
Swanton Novers,52.8481742,1.0009679
Swardeston,52.5765367,1.246165
Tacolneston,52.5111199,1.1550025
Tasburgh,52.515032,1.2488121
Tatterford,52.8206658,0.7684463
Taverham,52.6811508,1.1942478
Tharston,52.5049059,1.2182008
Thelveton,52.3851647,1.1780004
Thompson,52.5336168,0.8288988
Thorpe End,52.651433,1.3650682
Thorpe Market,52.8753171,1.328578
Thorpe Marriott,52.6872905,1.2088398
Thrigby,52.6513589,1.6365471
Thurlton,52.529402,1.5638136
Thurne,52.6860669,1.5546068
Thurning,52.8183084,1.0856634
Thursford,52.868974,0.9470647
Thurton,52.557341,1.4340864
Thuxton,52.624138,1.0013525
Tibenham,52.4651835,1.1421183
Tittleshall,52.7550187,0.8029889
Tivetshall St Margaret,52.4337811,1.1883782
Tivetshall St Mary,52.426456,1.1959907
Toft Monks,52.4959286,1.5776722
Topcroft,52.48892,1.3360593
Tottington,52.520071,0.797177
Trimingham,52.8977182,1.3830475
Trowse,52.611309,1.3208699
Trunch,52.8632029,1.3931169
Tunstead,52.7514998,1.4108135
Tuttington,52.797263,1.2973681
Upper Sheringham,52.9316414,1.1887985
Upton,52.6577264,1.5426001
Wacton,52.4778696,1.2097039
Walcott,52.8416294,1.5014984
Warham,52.9373317,0.8969653
Waxham,52.7770463,1.6171049
Weasenham,52.7645511,0.7434002
Weeting,52.4660237,0.6106585
Welborne,52.6486218,1.0479538
Wellingham,52.7653793,0.7746223
Wendling,52.6790265,0.8544087
West Barsham,52.8680444,0.8273545
West Beckham,52.9115497,1.1811394
West End,52.6716444,1.0205258
West Raynham,52.7928724,0.7770004
West Runton,52.9377166,1.2440811
West Somerton,52.7194578,1.6543526
West Tofts,52.5021511,0.7052952
Weston Longville,52.6992215,1.1254839
Weybourne,52.9425138,1.1419729
Whissonsett,52.7741393,0.8438991
Whitwell,52.7478241,1.0972548
Wickhampton,52.5908141,1.5810745
Wicklewood,52.5804171,1.0589371
Wickmere,52.8542704,1.222948
Wighton,52.9209996,0.882704
Winfarthing,52.4300729,1.1001241
Winterton-on-Sea,52.7137125,1.6889478
Witton,52.6356712,1.4176273
Witton,52.8271722,1.4665196
Wiveton,52.9461714,1.0385579
Woodbastwick,52.68317,1.4462839
Woodton,52.498072,1.3746839
Worstead,52.7826982,1.4133514
Wortwell,52.4155346,1.3458202
Wreningham,52.5424155,1.1796384
Yaxham,52.6563784,0.968614
Yelverton,52.5706177,1.3800223
