Akenham,52.0966985,1.1340373
Allwood Green,52.3121064,1.0055869
Almshouse Green,52.1462437,0.8300051
Ampton,52.3078809,0.7357204
Apsey Green,52.222123,1.3269674
Ashfield Green,52.1729694,0.5759405
Aspall,52.238676,1.1736706
Assington Green,52.1338327,0.590255
Athelington,52.2922615,1.2384114
Attleton Green,52.1649887,0.5421726
Badley,52.1715362,1.0209354
Barley View,52.3028052,1.3009344
Barnardiston,52.1110286,0.4979094
Baxter's Green,52.1927971,0.5699096
Baylham,52.1282329,1.0819174
Baythorne End,52.0570045,0.5127746
Bedingfield,52.2732616,1.1976042
Bell's Corner,52.0035026,0.9015866
Benhall,52.204029,1.4709862
Benhall Street,52.1981085,1.4503139
Birds End,52.2166491,0.5995278
Blackthorpe,52.2344747,0.7831822
Bloodman's Corner,52.537554,1.7015379
Borley Green,52.2092067,0.9173414
Boulge,52.1250629,1.2975072
Bower House Tye,52.0295426,0.8949177
Boyton,52.0712299,1.4677254
Braiseworth,52.303232,1.1273078
Bridge Street,52.1082807,0.7422522
Broad Green,52.2035305,0.6098356
Brockley Green,52.0946662,0.5132132
Bruisyard,52.2459598,1.4073444
Brundish Street,52.292423,1.3181352
Bures Green,51.9829583,0.7828974
Burgh,52.1166641,1.2584744
Bush Green,52.1805909,0.7935806
Butley,52.107881,1.4582755
Butley Abbey,52.089745,1.4676625
Butley High Corner,52.0905493,1.4744629
Butley Low Corner,52.094115,1.4731111
Calais Street,52.0231881,0.8757732
Calford Green,52.0797986,0.4777532
Capel Green,52.0890723,1.454584
Capel St Andrew,52.08022,1.4657106
Capon Green,52.2567978,1.3531422
Chillesford,52.1171217,1.4845182
Chilton,52.0524074,0.7544289
Chimney Street,52.1113321,0.5195997
Clopton,52.1262166,1.2428743
Clopton Corner,52.1470702,1.2520446
Clopton Green,52.1474231,1.2389189
Clopton Green,52.1628447,0.578877
Cock and End,52.1485478,0.5207246
Cockfield Great Green,52.1686879,0.8021421
Coddenham,52.1457964,1.1178397
Coddenham Green,52.1637186,1.0988212
Coney Weston,52.3653942,0.8700653
Cookley,52.3253708,1.446872
Cransford,52.2303545,1.395944
Cretingham,52.1959961,1.2586239
Cropley Grove,52.206586,0.5127855
Cross Green,52.1386376,0.9056367
Cross Green,52.1456636,0.6763185
Cross Green,52.1667503,0.7708828
Crowfield,52.1711682,1.1447666
Crown Corner,52.2838214,1.3048736
Culford,52.2979301,0.6945693
Culford Heath,52.3392728,0.7195787
Culpho,52.0959042,1.225467
Curlew Green,52.234961,1.4852137
Dallinghoo,52.1462625,1.3129511
Darmsden,52.1421281,1.0694324
Darmsden,52.1349873,1.063907
Debach,52.1415576,1.2797972
Denham,52.3245434,1.2168303
Denham Green,52.3194576,1.220178
Dorking Tye,51.994686,0.7966044
Dorley's Corner,52.2371808,1.4892805
Drakestone Green,52.0706446,0.9078509
Drinkstone Green,52.2057181,0.8663341
Earl Stonham,52.1888452,1.0973884
East Green,52.1560435,0.4626748
East Green,52.236461,1.5171406
Eastbridge,52.2391104,1.5903623
Easton Bavents,52.341724,1.6876446
Ellough,52.425396,1.5922445
Elveden,52.3865765,0.6788292
Ely Hill,52.0754973,1.4533905
Erwarton,51.9671848,1.2319461
Farley Green,52.1527208,0.5330113
Felixstowe Ferry,51.9884644,1.3896792
Fenstead End,52.1258597,0.6363149
Flatford,51.9601481,1.0203775
Foals Green,52.293627,1.3040509
Fordley,52.2452263,1.5547482
Foxhall,52.0345744,1.2379744
Framsden,52.193377,1.2181386
Freston,52.0076649,1.1599088
Friday Street,52.1167897,1.4067334
Friday Street,52.1896551,1.4709213
Gedgrave,52.0845439,1.5116919
Genesis Green,52.1883375,0.5572828
Gibb's Green,52.3020067,1.3062746
Gibraltar,52.1411551,1.2009453
Gipping,52.2292492,1.0304566
Goddard's Corner,52.269037,1.3453306
Gosbeck,52.1552944,1.1569131
Grimstone End,52.2860646,0.8413979
Gulling Green,52.1770739,0.6718226
Hadleigh Heath,52.0362751,0.9117416
Hargrave Green,52.2006637,0.5874152
Hasketon,52.1078326,1.2873831
Haughley New Street,52.2197144,0.9439841
Hawstead Green,52.193786,0.7235371
Helmingham,52.1734318,1.2039047
Hemingstone,52.1408373,1.1413336
Henley,52.1182051,1.1504584
Herringswell,52.3015696,0.5194537
High Rougham,52.2240269,0.8145606
High Street Green,52.1640227,0.933497
Hinton,52.2897448,1.5781838
Hitcham,52.1232138,0.8950481
Hitcham Causeway,52.1297047,0.9031847
Hobbles Green,52.1517323,0.4896449
Hollybush Corner,52.1994206,0.7961481
Hoo,52.1822183,1.3008445
Hulver Street,52.4248388,1.6304409
Hunston,52.278119,0.8948167
Kenny Hill,52.3901551,0.4514083
Kenton,52.2480976,1.2122813
Kersey Tye,52.0510262,0.8927457
Kersey Upland,52.0488885,0.9018545
Kettlebaston,52.1156791,0.8707189
Kittle's Corner,52.1888832,1.2585416
Lambfair Green,52.1571033,0.5000353
Langham,52.2906926,0.8999855
Layham,52.0251339,0.9635749
Letheringham,52.1697301,1.3237426
Liston,52.0701322,0.7016819
Little Finborough,52.1553149,0.9505211
Little London,52.1627718,0.9960257
Little Whittingham Green,52.3429818,1.3491283
Little Wratting,52.1006692,0.466016
Long Thurlow,52.2758223,0.9473237
Low Green,52.2160525,0.7333576
Lower Falkenham,51.9969825,1.3448117
Lower Green,52.2622367,0.5544551
Lower Holbrook,51.9707249,1.1705548
Magpie Green,52.3654063,1.043056
Malting End,52.1598801,0.5552827
Maypole Green,52.2552347,1.3274788
Melon Green,52.1825682,0.6951008
Mickfield,52.212636,1.1254656
Mickley Green,52.1877306,0.6879929
Middle Green,52.2565694,0.5572124
Middleton,52.0226295,0.7240068
Middleton Moor,52.2556213,1.5390596
Middlewood Green,52.2127069,1.0661484
Mill Green,52.1550727,0.5029955
Mill Green,52.0470665,0.8439057
Mill Green,52.1999004,1.1277329
Mill Green,52.2028356,1.3852602
Mill Street,52.0001459,0.8950962
Monewden,52.1773653,1.2730829
Monk Soham,52.2396809,1.2393555
Naughton,52.1023678,0.9575691
Needham Street,52.2637965,0.5187986
Nether Street,52.2196302,0.8126589
North Common,52.3421019,0.9050398
North Green,52.2447062,1.5104391
North Green,52.2099352,1.3806069
Nowton,52.2150263,0.7317251
Onehouse,52.1978852,0.953322
Owl's Green,52.2792906,1.3435496
Pettistree,52.1455175,1.3551196
Pinford End,52.2033474,0.7035588
Pitcher's Green,52.1909876,0.7999418
Polstead Heath,52.0237711,0.9122744
Pound Green,52.1565883,0.5081358
Pound Green,52.1692308,0.6709954
Poystreet Green,52.1860636,0.8963219
Ramsholt,52.0281784,1.3638925
Rattla Corner,52.2403949,1.5723895
Rendham,52.2315411,1.4391565
Rishangles,52.2730335,1.1693702
Rose Green,52.0632907,0.8772764
Rougham Green,52.2195829,0.7964478
Russels Green,52.307255,1.3014937
Saxham Street,52.2131816,1.0526279
Saxtead,52.2412585,1.3096871
Shelland,52.2041349,0.9313061
Shelley,52.0071487,0.9577423
Shimpling Street,52.1420697,0.7344397
Shingle Street,52.0333553,1.4493846
Shop Corner,51.9643936,1.2154513
Sibton,52.2724738,1.4693972
Sibton Green,52.2916825,1.481802
Silverlace Green,52.1947057,1.3885668
Silverlace Green,52.2060188,1.4544767
Silverley,52.2132515,0.4947056
Silverley's Green,52.3340011,1.3637624
Sizewell,52.2078964,1.6202752
Slaughden,52.1429898,1.5991958
Smithwood Green,52.1376902,0.7805674
Snape Watering,52.1863302,1.4851259
Sotherton,52.3581614,1.5845798
Southolt,52.27422,1.2158947
Sowley Green,52.1306275,0.4892176
Spexhall,52.3666359,1.4943044
Spratt's Street,52.1045869,1.4048129
St John Ilketshall,52.4358516,1.4709158
St Lawrence Ilketshall,52.4157444,1.4844836
St Nicholas South Elmham,52.3951318,1.41386
St Peter South Elmham,52.4128833,1.4323995
Stansfield,52.1371609,0.6065713
Stanton Chare,52.3315886,0.8706872
Stanton Street,52.265056,0.8640642
Stanway Green,52.2838663,1.2803098
Stockhold Green,52.2459207,0.82511
Stoke Ash,52.2876797,1.1010359
Stone Street,52.0204411,0.8623196
Stonecross Green,52.1881531,0.666404
Stowlangtoft,52.2765989,0.8640824
Stratford St Mary,51.9708408,0.9790102
Stratton Hall,52.0030584,1.2688375
Sudbourne,52.1225482,1.5237514
Swilland,52.131272,1.1966001
Syleham,52.3606874,1.2424931
Tan Office Green,52.1985587,0.610496
Theberton,52.237235,1.5683522
Thorington,52.3116362,1.5503399
Thorington Street,51.9813409,0.9248915
Thornham Magna,52.2982857,1.0854448
Thornham Parva,52.3115899,1.091453
Thorpe Common,51.9909566,1.2964729
Thorpe Street,52.3573605,0.9664127
Thurston End,52.132602,0.6217934
Thurston Planche,52.242571,0.8247452
Timworth,52.2897662,0.7174358
Trimley Lower Street,51.9840601,1.2985757
Troston,52.3161322,0.7836206
Ubbeston Green,52.2971394,1.4025011
Undley,52.4035709,0.4928507
Upper Green,52.2525759,0.5557533
Upper Holton,52.3534068,1.5301146
Upper Street,52.1338139,0.6025304
Upthorpe,52.31775,0.9043885
Wangford,52.4190051,0.5727314
Wantisden,52.1106167,1.4578112
Ward Green,52.2368361,1.0000637
Wattisham,52.1261961,0.9367006
West Street,52.3003534,0.9122275
Wetherden Upper Town,52.2477342,0.9501014
Whitestreet Green,52.0169719,0.8800915
Wickham Skeith,52.2788805,1.0740807
Wickham Street,52.1570428,0.5664123
Wilby Green,52.2842037,1.2953523
Wilde Street,52.3794326,0.5034187
Windsor Green,52.1591023,0.7690235
Wingfield,52.3453122,1.2696162
Withersdale Street,52.3805862,1.3348475
Woolpit Green,52.2164854,0.8938507
Woolpit Heath,52.214439,0.9082004
Workhouse Green,52.0019952,0.7688906
Wyverstone Street,52.2699302,0.9767539
Adder Trail,52.2456202,1.6122475
Alderton Hall,52.0235216,1.4119682
Badley Bridge,52.1632978,1.0381758
Barthorp's Folly,52.0617941,1.4232994
Base Green,52.2338589,0.9515848
Bawdsey Beach,52.0188821,1.4392323
Bawdsey Hall,52.0129067,1.415306
Bawdsey Marshes,51.9999122,1.4046348
Blunts Corner,52.0999291,0.4749619
Bomb Stores,52.1175304,1.4257356
Boyton Marshes,52.0674734,1.4908946
Bracken Pit,52.420893,0.6559508
Bugg's Hole,52.3742312,0.9419869
Burgate Great Green,52.3454264,1.0518643
Burgate Little Green,52.3343162,1.0443772
Burrow Hill,52.083495,1.4869263
Burton Green,52.1074903,0.418861
Cavenham Heath,52.321261,0.5771847
Children's Corner,52.471234,1.7508141
Claypits,52.4070785,0.5138652
Cobbold's Point,51.9636648,1.368238
Columbyne Hall,52.206995,1.0246728
Dedham Vale,51.9538358,1.0216779
Elms Plantation,52.4190813,0.6196761
Elveden Pit,52.4054299,0.6483111
Falkenham Marshes,51.9994366,1.3676417
Felixstowe Marshes,51.9916899,1.3762276
Fen Bridge,51.9625509,1.0078937
Ferry Cliff,52.088372,1.3246653
Flatford Bridge,51.9596941,1.0197893
Hardened Aircraft Hangars,52.1244849,1.4391431
High Lodge,52.4338972,0.662179
Hollesley Corner,52.0548894,1.4527181
Hopton Fen,52.3820527,0.9238002
Horseshoe Pit,52.4331568,0.6569711
Howe's Run Pit,52.4226605,0.6394469
Lagoon Buildings,52.112616,1.4274265
Lanwades Park,52.2677032,0.4867829
Lawn A,52.4618332,1.7332913
Lawn B,52.4615666,1.7325037
Lawn C,52.462082,1.733925
Lawn D,52.4622894,1.7337304
Lawn E,52.462208,1.7334477
Lawn F,52.4620028,1.732745
Lawn G,52.4615878,1.7316229
Lawn H,52.4613641,1.7318709
Lawn J,52.4610943,1.732547
Long Green,52.3545575,1.0486784
Lower Hollesley Common,52.0586778,1.4310945
Madgett's Pit,52.4304814,0.6515292
Mayday Farm,52.4186954,0.6380166
Meadow Farm,52.342664,0.8998226
Mellis Green,52.323718,1.0630693
Mole Hill,52.1655619,0.5484908
Nissen Huts,52.1192045,1.4295492
Oxley Marshes,52.0371508,1.4498246
Picnic area,52.5019852,1.7428252
Ramsholt Marshes,52.0106644,1.3758386
Rock Barracks,52.0821961,1.3925814
Rymer Point,52.3489335,0.7386054
Sallow Yard,52.0278021,1.427364
Snake Pit,52.4056356,0.6494876
South West Development,52.1145677,1.4265644
Squadron Buildings,52.1221689,1.4368648
Squirrel Scamper Pit,52.428722,0.656438
Stonebridge Marshes,52.0828712,1.4753729
Stonner Point,52.0533602,1.3419264
Temple Bridge,52.3258061,0.5789116
The Dip,51.9738175,1.3790952
The Manor House,52.0131953,1.4073489
The Patch,52.2929612,1.5174808
The Skip,52.421548,0.6400074
The Stables,52.0079161,1.4258718
The Tent Peg Pit,52.425656,0.6418746
Tightrope,52.4398947,0.6658436
Tom's Bomb Hole,52.4182462,0.6494867
Town Marshes,52.1012561,1.5559247
Tree Nursery,52.5010697,1.7436302
Trimley Marshes,51.9738267,1.2885488
Trotters,52.0399889,1.3983069
Tuddenham Heath,52.3253504,0.5614625
Undley Bridge,52.4126315,0.514968
Victor Alert,52.1200824,1.4256423
Walton Marshes,51.9885868,1.3634577
Wildlife Pit,52.4142337,0.6517421
Belstead Hills,52.0433318,1.1162767
Bixley,52.0524665,1.2165393
Broke Hall,52.0450423,1.2051673
Brookwood,52.0385487,1.1121462
California,52.0562542,1.185613
Castle Hill,52.0779758,1.1376194
Chantry,52.0464353,1.1259136
Combs Ford,52.1773667,0.9938156
Falcon Park,52.0642988,1.2846435
Gainsborough,52.0331273,1.1784258
Grange Farm,52.0617786,1.245376
Grange Farm,51.9659791,1.327373
Greenwich,52.0367323,1.168934
Howard Estate,52.2573554,0.6951145
Kesgrave,52.063084,1.2370836
Maidenhall,52.043185,1.1446028
Maidensgrave,52.0871268,1.3018147
Martlesham Heath,52.0600216,1.2719846
Moreton Hall,52.2438106,0.7422128
Old Felixstowe,51.9702624,1.3671791
Pinebrook,52.0412835,1.1049622
Pinewood,52.0356772,1.109641
Priors Estate,52.2424783,0.6925074
Priory Heath,52.0367976,1.1963773
Purdis Farm,52.0382927,1.2186147
Racecourse,52.0412849,1.1872073
Ravenswood,52.0303337,1.1968831
Rushmere,52.0681941,1.1875219
Stoke,52.049123,1.1540952
Stoke Park,52.0378262,1.1342969
Studlands Park,52.2628003,0.3906833
The Dales,52.0707211,1.1441749
Thorington Park,52.0335222,1.1209782
Warren Heath,52.0351002,1.2142797
Westbourne,52.0709422,1.1190103
Westley Estate,52.2498411,0.6847933
Whitehouse,52.0784455,1.1199517
Whitton,52.0840198,1.1376209
Aldeburgh,52.1523617,1.6015476
Bungay,52.45706,1.4358285
Bury St Edmunds,52.2460367,0.7125173
Clare,52.0801783,0.5829603
Eye,52.3226292,1.1463709
Felixstowe,51.9639098,1.3515106
Framlingham,52.2220579,1.3415864
Hadleigh,52.0441822,0.9542292
Halesworth,52.3418147,1.5001649
Haverhill,52.0832721,0.4353932
Ipswich,52.0579495,1.1526345
Lakenheath,52.4175635,0.5180418
Leiston,52.20648,1.5764329
Lowestoft,52.4766308,1.7537638
Mildenhall,52.3455998,0.5127653
Needham Market,52.1528468,1.0528347
Newmarket,52.243851,0.4088225
Orford,52.0949765,1.5344399
Saxmundham,52.2142535,1.4918009
Southwold,52.3256455,1.6809345
Stowmarket,52.1878147,0.9973428
Sudbury,52.0386628,0.7296722
Wickham Market,52.1533121,1.3673075
Woodbridge,52.0940952,1.3201301
Acton,52.0710417,0.7579926
Alderton,52.0244212,1.4162838
Aldham,52.0632432,0.9717538
Aldringham,52.1938781,1.5785584
All Saints South Elmham,52.3897877,1.4396455
Alpheton,52.1239577,0.7469588
Ashbocking,52.1463694,1.192063
Ashfield cum Thorpe,52.217984,1.2352388
Ashfield Green,52.313953,1.3147282
Ashley,52.2274533,0.4853366
Assington,52.0087937,0.8179966
Bacton,52.2632579,1.0080204
Badingham,52.2621686,1.3805224
Badwell Ash,52.2827114,0.9157622
Bardwell,52.3266392,0.8492547
Barham,52.1232732,1.1327662
Barking,52.1371728,1.0268173
Barking Tye,52.1305286,1.0165004
Barnby,52.4475799,1.634491
Barningham,52.35287,0.8902864
Barrow,52.2421932,0.5837441
Barton Mills,52.3335174,0.5200357
Battisford,52.151077,1.0042324
Battisford Tye,52.1485731,0.9598417
Bawdsey,52.0094318,1.4193577
Baylham,52.1229768,1.0713698
Beck Row,52.3721282,0.4868645
Bedfield,52.2532916,1.2515435
Belstead,52.0278868,1.1063746
Benacre,52.3985511,1.6935311
Benhall Green,52.1991749,1.486123
Bentley,51.989667,1.075096
Beyton,52.2329709,0.8303477
Bildeston,52.1069481,0.9098846
Blaxhall,52.1615407,1.4619317
Blundeston,52.5152492,1.7060308
Blyford,52.3358373,1.5587286
Blythburgh,52.3209345,1.5979437
Botesdale,52.343046,1.0115232
Boxford,52.029187,0.8598002
Boxted,52.1289065,0.6682676
Bradfield Combust,52.1811281,0.7652913
Bradfield St Clare,52.1876009,0.7872639
Bradfield St George,52.2053447,0.7983114
Bramfield,52.3102628,1.51871
Bramford,52.0754182,1.1005827
Brampton,52.3836367,1.5768303
Brandeston,52.1979805,1.2890911
Brantham,51.966985,1.0681798
Bredfield,52.1287557,1.3151064
Brent Eleigh,52.0948873,0.8350406
Brettenham,52.1509319,0.8730825
Brightwell,52.0406073,1.2792313
Brockford Green,52.246364,1.1096224
Brockford Street,52.26015,1.102028
Brockley,52.1595298,0.6702675
Brome,52.3437234,1.1357694
Bromeswell,52.1069282,1.3603558
Bruisyard Street,52.240033,1.4195786
Brundish,52.2769146,1.3261494
Bucklesham,52.0296821,1.2691699
Bures,51.9711466,0.7763495
Bures Hamlet,51.9717225,0.7714892
Burstall,52.0612107,1.0540547
Burthorpe,52.2465935,0.5931226
Buxhall,52.1807425,0.9217413
Campsea Ashe,52.1506217,1.401827
Capel St Mary,52.0027107,1.0545381
Carlton,52.2272886,1.4916743
Carlton Colville,52.4503513,1.6906151
Cattawade,51.9580471,1.0589959
Cavendish,52.0873118,0.6336715
Cavenham,52.2986263,0.5823679
Charsfield,52.161096,1.2923286
Chattisham,52.0396224,1.0479608
Chedburgh,52.1881073,0.6163143
Chediston,52.3466949,1.4609429
Chelmondiston,51.989904,1.2087457
Chelsworth,52.0954891,0.8902146
Chevington,52.2079869,0.6140563
Claydon,52.1065845,1.1110014
Cockfield,52.1559118,0.7864055
Coldfair Green,52.1934854,1.5606711
Combs,52.1694309,0.9852293
Copdock,52.0305814,1.0813834
Corton,52.5149874,1.7420286
Cotton,52.2620497,1.0347996
Covehithe,52.3755902,1.7070087
Cowlinge,52.1635639,0.5061536
Cratfield,52.3264747,1.3904786
Creeting St Mary,52.1688884,1.0587248
Creeting St Peter,52.180762,1.0413729
Dalham,52.2269744,0.5211952
Darsham,52.2743793,1.5477298
Debenham,52.223372,1.1811395
Dedham,51.9582605,0.9945379
Denham,52.2309022,0.5657301
Dennington,52.2545581,1.342157
Denston,52.1455799,0.5716505
Depden,52.1817359,0.5989493
Drinkstone,52.2184959,0.8675086
Dunwich,52.2769243,1.6284725
Earl Soham,52.2201146,1.2684188
East Bergholt,51.9784172,1.0179463
East End,51.974809,1.0540866
Easton,52.1794151,1.3356729
Edwardstone,52.0449549,0.8338009
Elmsett,52.079322,1.0000435
Elmswell,52.2356789,0.911281
Eriswell,52.3744716,0.5317981
Euston,52.3771568,0.7851181
Exning,52.2654267,0.3727896
Eyke,52.1166526,1.3845169
Fakenham Magna,52.3548546,0.803906
Falkenham,52.0021688,1.340107
Farnham,52.1888268,1.45462
Felsham,52.1787597,0.8431397
Finningham,52.2825596,1.0270708
Flempton,52.2962199,0.6567697
Flixton,52.4298936,1.4009365
Flixton,52.5045457,1.7020138
Flowton,52.0808254,1.0381546
Fornham All Saints,52.2735585,0.6906814
Fornham St Genevieve,52.2772027,0.706367
Fornham St Martin,52.2705178,0.7160965
Forward Green,52.1965616,1.0709686
Freckenham,52.3203349,0.4417751
Fressingfield,52.3468235,1.3177377
Friston,52.1876362,1.5268014
Frostenden,52.3732685,1.645158
Gazeley,52.2483602,0.5177823
Gedding,52.1852835,0.8524332
Gisleham,52.4360162,1.6970524
Gislingham,52.3029061,1.0379731
Glemsford,52.0998438,0.6714666
Great Ashfield,52.2702289,0.9259988
Great Barton,52.2709279,0.770001
Great Bealings,52.0941744,1.2575037
Great Blakenham,52.1143138,1.0936225
Great Bradley,52.1513868,0.4375921
Great Bricett,52.1162163,0.9797254
Great Cornard,52.0301658,0.7475329
Great Finborough,52.1794966,0.945364
Great Glemham,52.204092,1.4230487
Great Livermere,52.3076577,0.7677893
Great Saxham,52.2351455,0.6200411
Great Thurlow,52.1249771,0.4510384
Great Waldingfield,52.0579711,0.7811684
Great Wenham,52.0056066,1.0142456
Great Whelnetham,52.200386,0.7542191
Great Wratting,52.1062576,0.4622337
Gromford,52.1784112,1.4900192
Groton,52.0394482,0.8552061
Grundisburgh,52.1136965,1.2470528
Hacheston,52.1823763,1.3756777
Hargrave,52.2068106,0.5895829
Harkstead,51.9691158,1.1836934
Harleston,52.2024214,0.9465453
Hartest,52.1414721,0.679155
Haughley,52.2213392,0.9655004
Haughley Green,52.2386665,0.9739457
Hawkedon,52.1459565,0.6248163
Hawstead,52.1988598,0.718927
Hemley,52.033277,1.3313228
Hengrave,52.2860353,0.6727342
Henstead,52.4142766,1.6663769
Hepworth,52.3375799,0.9133495
Hessett,52.2188222,0.8343562
Heveningham,52.3021286,1.4215693
Higham,52.2605493,0.5560182
Higham,51.9818951,0.9638955
Hinderclay,52.3528655,0.9745667
Hintlesham,52.049283,1.0428109
Holbrook,51.9835745,1.1577662
Hollesley,52.0487345,1.431963
Holton,52.3426095,1.5271935
Holton St Mary,51.9917785,0.9999576
Holywell Row,52.3666702,0.5105745
Honington,52.3365919,0.8023619
Hopton,52.3733655,0.9297292
Horham,52.3045283,1.244484
Horringer,52.2219765,0.6702577
Hoxne,52.3501173,1.2018093
Hundon,52.1130766,0.538142
Huntingfield,52.3168312,1.4273852
Icklingham,52.3240846,0.6040697
Iken,52.1413811,1.5227027
Ingham,52.3029082,0.7177026
Ixworth,52.2996238,0.8379129
Ixworth Thorpe,52.3213594,0.8107106
Kedington,52.0918944,0.4879314
Kelsale,52.2310128,1.4919724
Kennett,52.2871378,0.4875974
Kentford,52.2718128,0.5065085
Kersey,52.059731,0.9186492
Kessingland,52.4197397,1.7122444
Kettleburgh,52.1927335,1.3131639
Kirton,52.0108529,1.3199496
Knodishall,52.1999485,1.5490952
Lackford,52.3013114,0.6311922
Lavenham,52.1100356,0.7978942
Lawshall,52.1559645,0.7234059
Laxfield,52.3020325,1.3627671
Leavenheath,51.9998114,0.8465782
Levington,52.0062874,1.2521007
Lidgate,52.1927181,0.5171515
Lindsey,52.0676811,0.8846821
Linstead Parva,52.3478628,1.4241108
Little Bealings,52.08428,1.2527021
Little Blakenham,52.0972212,1.0749915
Little Bradley,52.1409669,0.4554908
Little Cornard,52.0178272,0.766584
Little Glemham,52.1736951,1.4213778
Little Saxham,52.2412156,0.6329735
Little Stonham,52.1980609,1.0976908
Little Thurlow,52.1333106,0.4494364
Little Waldingfield,52.0712614,0.8041789
Little Wenham,52.0104559,1.0337867
Little Whelnetham,52.2056375,0.7654434
Long Melford,52.0715603,0.7153823
Lound,52.5306034,1.6918804
Market Weston,52.3597314,0.9134538
Marlesford,52.1732476,1.4040614
Martlesham,52.0766609,1.2833852
Mellis,52.330442,1.0803088
Melton,52.105752,1.3316632
Mendlesham,52.2510164,1.0795174
Mendlesham Green,52.227483,1.0692781
Metfield,52.3719714,1.3713412
Middleton,52.2548074,1.5585026
Milden,52.0809424,0.8540692
Monks Eleigh,52.0920401,0.8694358
Moulton,52.2522905,0.4825339
Mutford,52.4359451,1.6513565
Nacton,52.019086,1.2366732
Nayland,51.9721605,0.8745995
Nedging Tye,52.1094642,0.9509292
Nettlestead,52.106373,1.0518962
Newbourne,52.0392887,1.3132491
Newton,52.0322303,0.7943311
North Cove,52.4448397,1.6254357
Norton,52.2552284,0.8670782
Norton Little Green,52.2605619,0.896527
Occold,52.2935869,1.1583321
Offton,52.1062544,1.0146335
Old Newton,52.2245535,1.003973
Otley,52.1512935,1.2213734
Oulton,52.4923127,1.7175239
Oulton Broad,52.4766887,1.7102182
Ousden,52.2079711,0.5433546
Pakenham,52.2708828,0.824077
Palgrave,52.3644842,1.1044938
Parham,52.1951933,1.3739492
Peasenhall,52.2701103,1.4509436
Pettaugh,52.1915943,1.16828
Playford,52.0858511,1.2321082
Polstead,52.0067906,0.9002964
Poslingford,52.1036028,0.5837559
Preston St. Mary,52.1191911,0.8357589
Rattlesden,52.1935467,0.8970414
Raydon,52.0080686,0.985456
Red Lodge,52.3053207,0.496672
Rede,52.1713246,0.6379525
Redgrave,52.3607066,1.0045704
Redisham,52.4041101,1.5399372
Redlingfield,52.2948363,1.2048259
Rendlesham,52.1300914,1.4127345
Reydon,52.3377489,1.6749123
Rickinghall,52.3382185,1.0034446
Ringsfield,52.4414036,1.5362211
Ringshall,52.1356415,0.9813871
Risby,52.2672257,0.63283
Rougham,52.2245644,0.7962972
Rumburgh,52.3803674,1.4469987
Rushbrooke,52.2191622,0.7693253
Rushmere,52.4246934,1.6667202
Rushmere St Andrew,52.0712107,1.2109434
Sapiston,52.3406637,0.8167053
Saxtead Green,52.2322708,1.3017511
Saxtead Little Green,52.2468292,1.2963833
Semer,52.0815918,0.9186165
Shadingfield,52.3993447,1.576587
Shimpling,52.134743,0.7198868
Shottisham,52.0519736,1.3783104
Sicklesmere,52.2097244,0.7472188
Snape,52.1695036,1.5004691
Somerleyton,52.5167909,1.658523
Somersham,52.0979935,1.0426219
Somerton,52.1464596,0.646509
Sotterley,52.4058667,1.6051395
South Cove,52.3681484,1.6715844
Sproughton,52.0624107,1.0952717
St Andrew Ilketshall,52.4304938,1.5056909
St Cross South Elmham,52.4036666,1.3798215
St James South Elmham,52.3793102,1.4064291
St Margaret Ilketshall,52.4161258,1.4543386
St Margaret South Elmham,52.4033336,1.4044216
St Michael South Elmham,52.4025481,1.442273
Stanningfield,52.1762825,0.7539013
Stanstead,52.1063234,0.6909612
Stanton,52.3234959,0.8799893
Sternfield,52.1994202,1.498002
Stoke by Nayland,51.9892706,0.8966564
Stoke-by-Clare,52.0634846,0.5406122
Stone Street,52.392165,1.4998978
Stonham Aspal,52.1931476,1.119581
Stowupland,52.1985529,1.0225038
Stradbroke,52.3175951,1.2728286
Stradishall,52.1448487,0.5537587
Stratford St Andrew,52.1889306,1.4484353
Sturmer,52.0683579,0.4736303
Stuston,52.3589272,1.1328511
Stutton,51.9705923,1.1280032
Sutton,52.0678184,1.3629897
Sutton Heath,52.0813542,1.3881998
Sweffling,52.2232952,1.4353098
Tannington,52.2599615,1.2862599
Tattingstone,51.9918127,1.1100736
Tattingstone White Horse,52.0019476,1.1114135
Thelnetham,52.3667778,0.9573407
Thorndon,52.2860565,1.1292616
Thorpe Morieux,52.1438276,0.8373296
Thorpeness,52.1793334,1.6147103
Thrandeston,52.3445071,1.102589
Thurston,52.253011,0.8134917
Thwaite,52.2715814,1.1000953
Tostock,52.2366907,0.8618851
Trimley St Martin,51.990966,1.3122621
Trimley St Mary,51.9790254,1.3216245
Tuddenham,52.3143082,0.5472061
Tuddenham St Martin,52.092114,1.2026189
Tunstall,52.1443983,1.4474114
Ufford,52.1280091,1.349517
Uggeshall,52.3645718,1.5968051
Upend,52.1974537,0.4874094
Walberswick,52.3139687,1.6616522
Waldringfield,52.0516479,1.3224678
Walpole,52.3179106,1.4691315
Walsham le Willows,52.3041878,0.9359401
Walton,51.9717993,1.3402055
Wangford,52.3552038,1.6221639
Washbrook,52.0377362,1.0897946
Wattisfield,52.3284355,0.9468944
Wenhaston,52.3246257,1.5556976
West Row,52.3536409,0.4594446
West Stow,52.3054689,0.6672851
Westerfield,52.0851296,1.173046
Westhall,52.3696688,1.5645298
Westhorpe,52.2820199,0.9929034
Westleton,52.2649819,1.5753945
Westley,52.2487243,0.6691596
Weston,52.429315,1.5729498
Wetherden,52.2272212,0.9381511
Wetheringsett,52.2581096,1.1168538
Weybread,52.3753282,1.2957081
Whatfield,52.0794106,0.9554705
Whepstead,52.1933971,0.6759056
Wherstead,52.0222998,1.14246
Wickhambrook,52.1701054,0.5500594
Wilby,52.3003732,1.2864177
Willingham St Mary,52.4104444,1.5798591
Willisham,52.1197967,1.0136383
Winston,52.2088954,1.1940201
Winston Green,52.2074872,1.1757189
Wissett,52.3611085,1.4709239
Withersfield,52.1028993,0.4119946
Witnesham,52.1064504,1.1860937
Wixoe,52.0598278,0.5044495
Woolpit,52.2247689,0.8880944
Worlingham,52.4513956,1.6004225
Worlington,52.3327693,0.4844279
Worlingworth,52.2712472,1.2709888
Wortham,52.3536673,1.0564447
Wrentham,52.3846835,1.6701032
Wyverstone,52.2691495,0.9935068
Yaxley,52.3232068,1.110045
Yoxford,52.2651979,1.5096724
